poster_id,post_id,summary,num_category_text,nums_category_img
5a92b3dae8ac2b226e3a7cd5,66680b7a000000001d014d49,"怕太显眼又怕你看不见 小红书 #Ootd #微胖女孩 #穿搭 #高跟鞋 #鞋控の日常 #OOTD穿搭 #日常 #不被定义 Ootd, 微胖女孩, 穿搭, 高跟鞋, 鞋控の日常, OOTD穿搭, 日常, 不被定义",0,30
5a92b3dae8ac2b226e3a7cd5,66612598000000000f00d8e5,"阳光明媚 我也是 小红书 #甜妹 #穿搭 #oodt日常穿搭 #迈入人间六月天 #微胖女孩 #鞋控の日常 #高跟鞋 #大长腿 #丝袜 甜妹, 穿搭, oodt日常穿搭, 迈入人间六月天, 微胖女孩, 鞋控の日常, 高跟鞋, 大长腿, 丝袜",0,64
5a92b3dae8ac2b226e3a7cd5,663f2e21000000001e027c72,"想你的风还是吹到了这里 小红书 #风里有了夏天的味道 #穿出高级感 #平底鞋 #穿搭 #新中式 #每日穿搭 #ootd每日穿搭 #温柔穿搭 风里有了夏天的味道, 穿出高级感, 平底鞋, 穿搭, 新中式, 每日穿搭, ootd每日穿搭, 温柔穿搭",0,64
5c74102c0000000011017b63,6644a76c000000001e02d02b,":money_bag:生活费1500的女大学生平价穿搭:closed_book:｜附:link: 小红书 哪个宝宝说想看红色嘟！时隔两天我肥来噜～ #平价穿搭 #少年感穿搭 #甜酷 #OOTD穿搭分享 #超会穿企划 #笔记灵感 #小个子女生穿搭 #我的日常 #ootd每日穿搭 #Ootd #今天穿什么香 #每日穿搭 #大学生 #小个子穿搭 平价穿搭, 少年感穿搭, 甜酷, OOTD穿搭分享, 超会穿企划, 笔记灵感, 小个子女生穿搭, 我的日常, ootd每日穿搭, Ootd, 今天穿什么香, 每日穿搭, 大学生, 小个子穿搭",0,0
5c74102c0000000011017b63,66163d9d000000001b008fe4,"春夏平价内搭合集第一弹:shaved_ice:！！好韩:face_holding_back_tears::heart_hands: 小红书 哪个宝宝催的内搭！分享来啦 理性种草老婆们单穿/内搭都:Japanese_acceptable_button:！ #笔记灵感 #我的日常 #小个子女生穿搭 #平价穿搭 #穿搭合集 #日常穿搭 #今天穿什么香 #拍照 #ootd每日穿搭 #Ootd #每日穿搭 #小个子穿搭 #大学生 笔记灵感, 我的日常, 小个子女生穿搭, 平价穿搭, 穿搭合集, 日常穿搭, 今天穿什么香, 拍照, ootd每日穿搭, Ootd, 每日穿搭, 小个子穿搭, 大学生",0,84
5c74102c0000000011017b63,660d3a35000000001b0105a0,":money_bag:生活费1500的女大学生甜妹穿搭:tulip:｜附:link: 小红书 粉粉的很喜欢！放假啦开熏 大家都有出游计划吗～ #笔记灵感 #我的日常 #小个子女生穿搭 #甜妹穿搭 #穿搭 #大学生 #Ootd #今天穿什么香‍ #拍照 #每日穿搭 #日常穿搭 #我的日常 #小个子穿搭 #ootd每日穿搭 笔记灵感, 我的日常, 小个子女生穿搭, 甜妹穿搭, 穿搭, 大学生, Ootd, 今天穿什么香‍, 拍照, 每日穿搭, 日常穿搭, 小个子穿搭, ootd每日穿搭",0,0
5c74102c0000000011017b63,65f695f10000000014007461,":money_bag:生活费1500的女大学生甜系穿搭:whale:｜附:link: 小红书 甜甜哒！春天也可以穿的毛衣 #笔记灵感 #我的日常 #小个子女生穿搭 #穿搭 #小个子穿搭 #日常穿搭 #今天穿什么香 #拍照 #ootd每日穿搭 #Ootd #每日穿搭 #小个子穿搭 #尝试一个新look #早春穿搭 #大学生 笔记灵感, 我的日常, 小个子女生穿搭, 穿搭, 小个子穿搭, 日常穿搭, 今天穿什么香, 拍照, ootd每日穿搭, Ootd, 每日穿搭, 尝试一个新look, 早春穿搭, 大学生",0,16
5c74102c0000000011017b63,65e17dc2000000000b019a96,":money_bag:生活费1500的女大学生夏日穿搭:volleyball:｜附:link: 小红书 清爽又干净！嘿嘿 已经在期待夏天啦 但其实广东这两天好冷！倒春寒 #少年感穿搭 #OOTD穿搭分享 #百搭基础款 #笔记灵感 #小个子女生穿搭 #我的日常 #女大学生 #大学生 #今天穿什么香 #拍照姿势 #ootd每日穿搭 #Ootd #早春穿搭 #小个子穿搭 #日常穿搭 少年感穿搭, OOTD穿搭分享, 百搭基础款, 笔记灵感, 小个子女生穿搭, 我的日常, 女大学生, 大学生, 今天穿什么香, 拍照姿势, ootd每日穿搭, Ootd, 早春穿搭, 小个子穿搭, 日常穿搭",0,0
5c74102c0000000011017b63,65dd88be000000000b01599e,":money_bag:生活费1500的女大学生夏日穿搭:desert_island:｜附:link: 小红书 广东又降温了！看了天气预报过阵子又要穿短袖了 #少女感穿搭 #笔记灵感 #小个子女生穿搭 #我的日常 #穿搭 #今天穿什么香 #拍照 #ootd每日穿搭 #Ootd #每日穿搭 #大学生 #日常穿搭 #早春穿搭 少女感穿搭, 笔记灵感, 小个子女生穿搭, 我的日常, 穿搭, 今天穿什么香, 拍照, ootd每日穿搭, Ootd, 每日穿搭, 大学生, 日常穿搭, 早春穿搭",0,0
5c74102c0000000011017b63,65be1f4600000000110001ad,"生活费1500的女大学生日常休闲穿搭:bowl_with_spoon:｜附:link: 小红书 baby蓝是我的菜！ 开春可以穿捏～ #笔记灵感 #小个子女生穿搭 #我的日常 #休闲穿搭 #穿搭 #今天穿什么香 #拍照姿势 #ootd每日穿搭 #Ootd #每日穿搭 #日常穿搭 #来拍照了 #大学生 #尝试一个新look #一周穿搭不重样 笔记灵感, 小个子女生穿搭, 我的日常, 休闲穿搭, 穿搭, 今天穿什么香, 拍照姿势, ootd每日穿搭, Ootd, 每日穿搭, 日常穿搭, 来拍照了, 大学生, 尝试一个新look, 一周穿搭不重样",0,10
5c74102c0000000011017b63,65bc933b0000000011001136,"女大学生新年穿搭合集:scarf::shopping_cart:｜附:link:版～ 小红书 哪个宝宝在催的～ 大部分都可以当新年战衣嘿嘿！ #穿搭合集 #笔记灵感 #小个子女生穿搭 #我的日常 #穿搭 #今天穿什么香 #ootd每日穿搭 #Ootd #小个子穿搭 #小个子女生穿搭 #小个子女生的穿搭法则 #尝试一个新look #日常穿搭 #大学生 穿搭合集, 笔记灵感, 小个子女生穿搭, 我的日常, 穿搭, 今天穿什么香, ootd每日穿搭, Ootd, 小个子穿搭, 小个子女生的穿搭法则, 尝试一个新look, 日常穿搭, 大学生",0,90
5c74102c0000000011017b63,65829667000000000801c350,":money_bag:生活费1500的女大学生韩系穿搭｜附全:link: 小红书 这个博主能处！真的是从头给到脚了 真的感觉还蛮韩嘟！不过好多单品都是反复出现了哈哈哈哈 #学生党穿搭 #校园穿搭 #卫衣穿搭 #学院风穿搭 #可爱穿搭 #我的日常 #小个子女生穿搭 #女大学生 #笔记灵感 #大学生 #Ootd #ootd每日穿搭 #穿搭 #日常 #来拍照了 #今天穿什么香 #尝试一个新look #记录吧就现在 学生党穿搭, 校园穿搭, 卫衣穿搭, 学院风穿搭, 可爱穿搭, 我的日常, 小个子女生穿搭, 女大学生, 笔记灵感, 大学生, Ootd, ootd每日穿搭, 穿搭, 日常, 来拍照了, 今天穿什么香, 尝试一个新look, 记录吧就现在",0,34
5c74102c0000000011017b63,657fee5d000000000700bd6b,":money_bag:生活费1500的女大学生元气穿搭:whale:｜附全:link: 小红书 好吧！我真的很喜欢baby蓝 有没有跟我眼光一致滴 广东这两天都好冷啊啊啊 #学生党穿搭 #卫衣 #卫衣穿搭 #校园穿搭 #少年感穿搭 #我的日常 #小个子女生穿搭 #笔记灵感 #大学生 #ootd每日穿搭 #今天穿什么香 #记录吧就现在 #尝试一个新look #穿搭 #温柔穿搭 #小个子穿搭 学生党穿搭, 卫衣, 卫衣穿搭, 校园穿搭, 少年感穿搭, 我的日常, 小个子女生穿搭, 笔记灵感, 大学生, ootd每日穿搭, 今天穿什么香, 记录吧就现在, 尝试一个新look, 穿搭, 温柔穿搭, 小个子穿搭",0,34
5c74102c0000000011017b63,657bb1ae000000000703b8c5,":money_bag:生活费1500女大学生的美拉德穿搭:briefcase:｜附:link: 小红书 嘿嘿！尊嘟很喜欢美拉德色系 真的好适合秋冬 今天周五啦～ 大学生最爱的周末马上来临 #学院风穿搭 #我的日常 #小个子女生穿搭 #笔记灵感 #女大学生 #大学生 #大学生的日常 #ootd每日穿搭 #Ootd #今天穿什么香 #来拍照了 #尝试一个新look #记录吧就现在 #穿搭#余庆伟的黑店#复古穿搭耳机 学院风穿搭, 我的日常, 小个子女生穿搭, 笔记灵感, 女大学生, 大学生, 大学生的日常, ootd每日穿搭, Ootd, 今天穿什么香, 来拍照了, 尝试一个新look, 记录吧就现在, 穿搭, 余庆伟的黑店, 复古穿搭耳机",0,0
59124ed350c4b429bae8bee6,66570bb2000000001401be40,"173cm/140斤微胖高个子/新中式穿搭～ 小红书 好喜欢这套温温柔柔的感觉诶:smiling_face_with_hearts: #高个子穿搭 #梨形身材穿搭 #显瘦穿搭 #微胖穿搭 #高个子女生穿搭 #微胖女孩穿搭 #穿搭 #高个子微胖穿搭 #新中式 高个子穿搭, 梨形身材穿搭, 显瘦穿搭, 微胖穿搭, 高个子女生穿搭, 微胖女孩穿搭, 穿搭, 高个子微胖穿搭, 新中式",0,47
59124ed350c4b429bae8bee6,664db33700000000160139bd,"85C | 夏日必备内衣!!微胖姐妹码住:red_heart::red_heart: 小红书 姐妹们 夏天选好内衣尊的太重要啦！这不麻吉给大家准备了几件颜值高版型好，适合咱们大胸姐妹的调整型内衣～穿上立瘦十斤～微胖姐妹快冲鸭！ #高个子穿搭 #梨形身材穿搭 #显瘦穿搭 #调整型内衣 #内衣分享 #大胸显小内衣 #内衣测评 高个子穿搭, 梨形身材穿搭, 显瘦穿搭, 调整型内衣, 内衣分享, 大胸显小内衣, 内衣测评",0,55
59124ed350c4b429bae8bee6,664db33700000000160139bd,"85C | 夏日必备内衣!!微胖姐妹码住:red_heart::red_heart: 小红书 姐妹们 夏天选好内衣尊的太重要啦！这不麻吉给大家准备了几件颜值高版型好，适合咱们大胸姐妹的调整型内衣～穿上立瘦十斤～微胖姐妹快冲鸭！ #高个子穿搭 #梨形身材穿搭 #显瘦穿搭 #调整型内衣 #内衣分享 #大胸显小内衣 #内衣测评 高个子穿搭, 梨形身材穿搭, 显瘦穿搭, 调整型内衣, 内衣分享, 大胸显小内衣, 内衣测评",0,62
59124ed350c4b429bae8bee6,664b509c0000000014019caf,"173cm/140斤微胖高个子大胆穿！ 小红书 呜呼～今天是通勤人妻 #高个子穿搭 #梨形身材穿搭 #显瘦穿搭 #微胖穿搭 #140斤穿搭 #通勤穿搭 #微胖女孩穿搭 #高个子女生穿搭 #穿搭 高个子穿搭, 梨形身材穿搭, 显瘦穿搭, 微胖穿搭, 140斤穿搭, 通勤穿搭, 微胖女孩穿搭, 高个子女生穿搭, 穿搭",0,9
59124ed350c4b429bae8bee6,66441467000000001e035fb8,"173cm/140斤 微胖辣妹大胆穿！ 小红书 白T和牛仔短裙的搭配真是太香了！ 答应我 去试试这件物美价廉的小白T 质量嘎嘎好！ #梨形身材穿搭 #高个子穿搭 #显瘦穿搭 #白t穿搭 #牛仔裙穿搭 #高个子微胖穿搭 #高个子女生穿搭 #微胖梨形身材穿搭 梨形身材穿搭, 高个子穿搭, 显瘦穿搭, 白t穿搭, 牛仔裙穿搭, 高个子微胖穿搭, 高个子女生穿搭, 微胖梨形身材穿搭",0,16
59124ed350c4b429bae8bee6,6624c82d00000000040192ca,"173cm/144斤微胖女孩/简约风和微胖好配！ 小红书 哈喽姐妹 这里是173cm/144斤的麻吉 最近真是爱上了简约风 简单舒服的风格百看不腻 不需要什么穿搭功力 也能在日常生活中展示出我们微胖姑娘的美～不费力的高级感穿搭莫过于此～ 有姐妹后台私信我 夏天腿粗不敢穿短裙 手臂粗不敢穿无袖 等等等...姐妹:women_holding_hands: 现在年轻不去穿 什么时候穿呢 还是等七老八十穿（并没有说年纪大不能穿 只是过了当下这个年纪 再去穿喜欢的衣服心境已经变了） #黑色半身裙 #普通人穿搭 #不费力气的穿搭 #简约穿搭 #从爱自己开始 #更好的自己 #梨形身材穿搭 #高个子穿搭 #显瘦穿搭 #微胖女孩穿搭 #微胖穿搭 #穿搭 #气质穿搭 #气质穿搭 #日常穿搭 黑色半身裙, 普通人穿搭, 不费力气的穿搭, 简约穿搭, 从爱自己开始, 更好的自己, 梨形身材穿搭, 高个子穿搭, 显瘦穿搭, 微胖女孩穿搭, 微胖穿搭, 穿搭, 气质穿搭, 日常穿搭",0,15
59124ed350c4b429bae8bee6,660bcb7e000000001a00cf4c,"173cm/144斤微胖女孩/抛弃幼态审美后… 小红书 杀疯了啊啊啊～这个黑色西装的垫肩好喜欢！！最近长胖了都长在腿上了555（梨形身材爆哭）不过又怎样呢 御姐风穿搭简直A爆了！！好喜欢这样的感觉呐～微胖姐妹冲鸭！ #高个子穿搭 #梨形身材穿搭 #显瘦穿搭 #微胖女生穿搭 #微胖穿搭 #韩系 #微胖梨形 #高个子梨形穿搭 #西装 #垫肩西装 高个子穿搭, 梨形身材穿搭, 显瘦穿搭, 微胖女生穿搭, 微胖穿搭, 韩系, 微胖梨形, 高个子梨形穿搭, 西装, 垫肩西装",0,49
59124ed350c4b429bae8bee6,66002d1500000000120212fd,"173cm/140斤 微胖女孩/这件上衣太好看辣！ 小红书 深灰色加上刺绣和网纱的拼接一整个高级精致感拿捏 下半身随便配什么都超级无敌好看！姐妹们可以冲啊～ #高个子穿搭 #梨形身材穿搭 #显瘦穿搭 #微胖女孩 #微胖女孩穿搭 #微胖穿搭 #微胖女生穿搭 #日常穿搭 #每日穿搭 高个子穿搭, 梨形身材穿搭, 显瘦穿搭, 微胖女孩, 微胖女孩穿搭, 微胖穿搭, 微胖女生穿搭, 日常穿搭, 每日穿搭",0,18
59124ed350c4b429bae8bee6,65ffb251000000001203c698,"高个子微胖/大脚女孩春夏鞋子分享:running_shoe::cherry_blossom: 小红书 这一期是麻吉精挑细选的春夏鞋子合集！风格多样 玛丽珍 小皮鞋 板鞋运动鞋都有～姐妹们快冲 #高个子穿搭 #梨形身材穿搭 #鞋子合集 #神仙鞋子 #鞋子推荐 #板鞋 #老爹鞋#德训鞋 #小皮鞋玛丽珍鞋 高个子穿搭, 梨形身材穿搭, 鞋子合集, 神仙鞋子, 鞋子推荐, 板鞋, 老爹鞋, 德训鞋, 小皮鞋玛丽珍鞋",0,20
59124ed350c4b429bae8bee6,65eee81a0000000012021722,"140斤 | 高个子梨形:girl_light_skin_tone:微胖女孩大胆穿！！ 小红书 173cm高个子微胖女孩大胆穿呀！！真的很喜欢一字肩上衣！不要再问为什么140斤还有锁骨啦！姐骨架大！！一字肩正好露出锁骨 嘎嘎显瘦～搭配小香风阔腿裤 真的很特别呢～且这条裤子还是加长版 真的很爱了！！微胖姐妹们冲鸭 #高个子穿搭 #梨形身材穿搭 #显瘦穿搭 #微胖女孩穿搭 #微胖女孩 #穿搭 #日常穿搭 #春天穿什么 #微胖梨形#当氛围感穿搭走进现实生活 #我的穿搭 #穿搭博主 #实用穿搭 #跟着博主学穿搭 高个子穿搭, 梨形身材穿搭, 显瘦穿搭, 微胖女孩穿搭, 微胖女孩, 穿搭, 日常穿搭, 春天穿什么, 微胖梨形, 当氛围感穿搭走进现实生活, 我的穿搭, 穿搭博主, 实用穿搭, 跟着博主学穿搭",0,10
59124ed350c4b429bae8bee6,65d1c7880000000007005300,"173cm/140斤 微胖辣妹大胆穿！ 小红书 #春装第一件 #梨形身材穿搭 #高个子穿搭 #显瘦穿搭 #辣妹穿搭 #微胖穿搭 #微胖 #微胖女孩穿搭 #今天穿这样 #新年新look #穿衣自由 #扭一扭 #当氛围感穿搭走进现实生活 #穿搭分享 #女生穿搭 春装第一件, 梨形身材穿搭, 高个子穿搭, 显瘦穿搭, 辣妹穿搭, 微胖穿搭, 微胖, 微胖女孩穿搭, 今天穿这样, 新年新look, 穿衣自由, 扭一扭, 当氛围感穿搭走进现实生活, 穿搭分享, 女生穿搭",0,90
59124ed350c4b429bae8bee6,65b4e39d000000002c029a7d,"173/142斤 微胖辣妹大胆穿！新年look:keycap_1:显瘦 小红书 新年look1 太显瘦了！！到底谁看得出我140斤啊？？最近还胖了 真的很有质感呀！！新年look:plus:1 真的很适合聚会 内里加绒 很舒服也不显胖～版型简约高级～这套真的很会在一众毛衣内搭里脱颖而出呀～微胖姐妹冲！ #高个子穿搭 #梨形身材穿搭 #显瘦穿搭 #微胖穿搭 #辣妹穿搭 #微胖女孩穿搭 #辣妹 #穿搭 #日常穿搭 #微胖女孩 #微胖梨形 #高个子梨形 #高个子梨形微胖女生穿搭 高个子穿搭, 梨形身材穿搭, 显瘦穿搭, 微胖穿搭, 辣妹穿搭, 微胖女孩穿搭, 辣妹, 穿搭, 日常穿搭, 微胖女孩, 微胖梨形, 高个子梨形, 高个子梨形微胖女生穿搭",0,49
59124ed350c4b429bae8bee6,65b4e39d000000002c029a7d,"173/142斤 微胖辣妹大胆穿！新年look:keycap_1:显瘦 小红书 新年look1 太显瘦了！！到底谁看得出我140斤啊？？最近还胖了 真的很有质感呀！！新年look:plus:1 真的很适合聚会 内里加绒 很舒服也不显胖～版型简约高级～这套真的很会在一众毛衣内搭里脱颖而出呀～微胖姐妹冲！ #高个子穿搭 #梨形身材穿搭 #显瘦穿搭 #微胖穿搭 #辣妹穿搭 #微胖女孩穿搭 #辣妹 #穿搭 #日常穿搭 #微胖女孩 #微胖梨形 #高个子梨形 #高个子梨形微胖女生穿搭 高个子穿搭, 梨形身材穿搭, 显瘦穿搭, 微胖穿搭, 辣妹穿搭, 微胖女孩穿搭, 辣妹, 穿搭, 日常穿搭, 微胖女孩, 微胖梨形, 高个子梨形, 高个子梨形微胖女生穿搭",0,15
59124ed350c4b429bae8bee6,65ae269c000000002c015904,"173cm/142斤 微胖辣妹大胆穿！ 小红书 这套好青春好喜欢啊！！这套完全看不出我的年龄 爱了爱了 棒球服:plus:卫衣真的绝绝子呀 #高个子穿搭 #梨形身材穿搭 #显瘦穿搭 #微胖女生穿搭 #每日穿搭 #秋冬战袍 #冬季内搭参考 高个子穿搭, 梨形身材穿搭, 显瘦穿搭, 微胖女生穿搭, 每日穿搭, 秋冬战袍, 冬季内搭参考",0,40
59124ed350c4b429bae8bee6,65aa3ac1000000002e016b9c,"173cm/142斤别管姐 :leaf_fluttering_in_wind:风格百变不香吗？ 小红书 #高个子穿搭 #梨形身材穿搭 #显瘦穿搭 #微胖 #微胖女孩 #微胖穿搭 #微胖女孩穿搭 高个子穿搭, 梨形身材穿搭, 显瘦穿搭, 微胖, 微胖女孩, 微胖穿搭, 微胖女孩穿搭",0,88
59124ed350c4b429bae8bee6,65a7e0a1000000002b00533c,"173cm/142斤 微胖 | 新年战袍来喽！！ 小红书 这套真的 很适合 新年！贵气 还有质感！姐妹们冲！ #高个子穿搭 #梨形身材穿搭 #显瘦穿搭 #秋冬战袍 #微胖穿搭 #微胖女生穿搭 #大衣穿搭秋冬 #微胖女孩 高个子穿搭, 梨形身材穿搭, 显瘦穿搭, 秋冬战袍, 微胖穿搭, 微胖女生穿搭, 大衣穿搭秋冬, 微胖女孩",0,15
59124ed350c4b429bae8bee6,659f7c5f000000001d032dc8,"173cm/140斤 微胖辣妹大胆穿！冬季羽绒服！ 小红书 哇哇哇喜欢这件拼色羽绒服！！好暖和还有型！！ #高个子穿搭 #梨形身材穿搭 #显瘦穿搭 #羽绒服推荐 #羽绒服穿搭分享 #穿搭 #OOTD 高个子穿搭, 梨形身材穿搭, 显瘦穿搭, 羽绒服推荐, 羽绒服穿搭分享, 穿搭, OOTD",0,40
59124ed350c4b429bae8bee6,659d143f00000000150015ab,"173cm/143斤 微胖辣妹大胆穿！闪耀吧女孩～ 小红书 #高个子穿搭 #梨形身材穿搭 #显瘦穿搭 #微胖女孩穿搭 #微胖女孩 #微胖穿搭 #辣妹穿搭 #微胖 #辣妹 #穿搭 高个子穿搭, 梨形身材穿搭, 显瘦穿搭, 微胖女孩穿搭, 微胖女孩, 微胖穿搭, 辣妹穿搭, 微胖, 辣妹, 穿搭",0,15
59124ed350c4b429bae8bee6,659677ee00000000110311ef,"173cm/140斤 微胖辣妹大胆穿！今天是女大～ 小红书 用青春洋溢来形容不为过吧～哈哈哈 梦回校园 毛衣加牛仔裤太有那味了～姐妹们冲 #高个子穿搭 #梨形身材穿搭 #显瘦穿搭 #显瘦穿搭 #辣妹穿搭 #微胖穿搭 #微胖女孩穿搭 #穿搭 #秋冬穿搭 #日常穿搭 高个子穿搭, 梨形身材穿搭, 显瘦穿搭, 辣妹穿搭, 微胖穿搭, 微胖女孩穿搭, 穿搭, 秋冬穿搭, 日常穿搭",0,15
59124ed350c4b429bae8bee6,65940a12000000001102f2e7,"173cm/140斤 微胖辣妹大胆穿！休闲外套绝了！ 小红书 高妹永远爱休闲感穿搭哇～ 尊的爱了爱了 姐妹们冲啊 这件包裹感真的好绝！两面图案都很爱！黑色我本命 正面白色羊羔毛可可爱爱！！ #高个子穿搭 #显瘦穿搭 #梨形身材穿搭 #冬季穿搭 #微胖女孩穿搭 #韩系穿搭分享 #微胖女生穿搭 #休闲穿搭 #微胖 #高个子女生穿搭 高个子穿搭, 显瘦穿搭, 梨形身材穿搭, 冬季穿搭, 微胖女孩穿搭, 韩系穿搭分享, 微胖女生穿搭, 休闲穿搭, 微胖, 高个子女生穿搭",0,40
59124ed350c4b429bae8bee6,65940a12000000001102f2e7,"173cm/140斤 微胖辣妹大胆穿！休闲外套绝了！ 小红书 高妹永远爱休闲感穿搭哇～ 尊的爱了爱了 姐妹们冲啊 这件包裹感真的好绝！两面图案都很爱！黑色我本命 正面白色羊羔毛可可爱爱！！ #高个子穿搭 #显瘦穿搭 #梨形身材穿搭 #冬季穿搭 #微胖女孩穿搭 #韩系穿搭分享 #微胖女生穿搭 #休闲穿搭 #微胖 #高个子女生穿搭 高个子穿搭, 显瘦穿搭, 梨形身材穿搭, 冬季穿搭, 微胖女孩穿搭, 韩系穿搭分享, 微胖女生穿搭, 休闲穿搭, 微胖, 高个子女生穿搭",0,81
59124ed350c4b429bae8bee6,658fd294000000001d036b5e,"173cm/140斤微胖辣妹大胆！羊羔毛yyds！ 小红书 这件上身妥妥的氛围感 ！谁说微胖不能穿羊羔毛的！尊的爱辽爱辽 厚实好看 嘻嘻过年战袍预定 #高个子穿搭 #梨形身材穿搭 #显瘦穿搭 #冬季穿搭 #微胖女孩穿搭 #微胖女生穿搭 #微胖穿搭 #羊羔毛外套搭配穿搭 #梨形身材穿搭 高个子穿搭, 梨形身材穿搭, 显瘦穿搭, 冬季穿搭, 微胖女孩穿搭, 微胖女生穿搭, 微胖穿搭, 羊羔毛外套搭配穿搭",0,81
59124ed350c4b429bae8bee6,658aad5c0000000015001b9e,"173cm/140斤 微胖辣妹大胆穿！！ 小红书 哇塞塞！这套真是聚会绝佳套装！！外套一穿复古大气 外套一脱性感俏皮！！复古时髦感这不就来了吗～微胖姐妹冲！ #甜酷穿搭 #女大学生日常穿搭 #卡其色穿搭 #大学生穿搭 #高个子穿搭 #梨形身材穿搭 #显瘦穿搭 #微胖女孩穿搭 #微胖女生穿搭 #梨形身材 #外套 #大衣穿搭 #聚会穿搭 #旅行穿搭 甜酷穿搭, 女大学生日常穿搭, 卡其色穿搭, 大学生穿搭, 高个子穿搭, 梨形身材穿搭, 显瘦穿搭, 微胖女孩穿搭, 微胖女生穿搭, 梨形身材, 外套, 大衣穿搭, 聚会穿搭, 旅行穿搭",0,40
59124ed350c4b429bae8bee6,6575ace3000000003802ef1b,"麻吉的鞋子分享来啦:running_shoe:小粗腿码住！！ 小红书 千呼万唤的鞋子分享终于来了！！姐妹们冲 #高个子穿搭 #梨形身材穿搭 #显瘦穿搭 #鞋子 #鞋子推荐 #神仙鞋子 #好物分享 #今天也是精致的猪猪女孩 #长靴推荐 #鞋子合集 高个子穿搭, 梨形身材穿搭, 显瘦穿搭, 鞋子, 鞋子推荐, 神仙鞋子, 好物分享, 今天也是精致的猪猪女孩, 长靴推荐, 鞋子合集",0,55
59124ed350c4b429bae8bee6,65730df60000000016006e85,"173cm/140斤微胖/对糯叽叽毛衣没有抵抗力～ 小红书 #卡其色穿搭 #扭一扭 #跟着博主学穿搭 #叠穿 #慵懒穿搭 #高个子穿搭 #梨形身材穿搭 #显瘦穿搭 #秋冬毛衣 #毛衣 #微胖穿搭 #微胖穿搭 #微胖女孩穿搭 卡其色穿搭, 扭一扭, 跟着博主学穿搭, 叠穿, 慵懒穿搭, 高个子穿搭, 梨形身材穿搭, 显瘦穿搭, 秋冬毛衣, 毛衣, 微胖穿搭, 微胖女孩穿搭",0,78
59124ed350c4b429bae8bee6,65707ad80000000034037ec1,"173cm/140斤 微胖小香风 谁说土的？ 小红书 #高个子穿搭 #梨形身材穿搭 #显瘦穿搭 #小香风 #微胖穿搭 #微胖女孩穿搭 #羽绒服推荐 #小香风羽绒服 #微胖女孩穿搭 高个子穿搭, 梨形身材穿搭, 显瘦穿搭, 小香风, 微胖穿搭, 微胖女孩穿搭, 羽绒服推荐, 小香风羽绒服",0,15
59124ed350c4b429bae8bee6,656eea080000000016006bdc,"173cm/140斤微胖辣妹大胆穿！ 小红书 这套尊嘟泰辣了！辣妹闭眼冲！ #高个子穿搭 #梨形身材穿搭 #显瘦穿搭 #辣妹穿搭 #微胖穿搭 #微胖女孩穿搭 #穿搭 #微胖女孩 #日常穿搭 高个子穿搭, 梨形身材穿搭, 显瘦穿搭, 辣妹穿搭, 微胖穿搭, 微胖女孩穿搭, 穿搭, 微胖女孩, 日常穿搭",0,49
59124ed350c4b429bae8bee6,65657a11000000003801c2df,"173cm/140斤 微胖辣妹大胆穿！万能打底来噜 小红书 #高个子穿搭 #梨形身材穿搭 #显瘦穿搭 #微胖女孩穿搭 #辣妹穿搭 #辣妹 #微胖女孩 #辣妹日记 #打底衫 #显瘦穿搭 #微胖女孩穿搭 高个子穿搭, 梨形身材穿搭, 显瘦穿搭, 微胖女孩穿搭, 辣妹穿搭, 辣妹, 微胖女孩, 辣妹日记, 打底衫",0,40
59124ed350c4b429bae8bee6,65657a11000000003801c2df,"173cm/140斤 微胖辣妹大胆穿！万能打底来噜 小红书 #高个子穿搭 #梨形身材穿搭 #显瘦穿搭 #微胖女孩穿搭 #辣妹穿搭 #辣妹 #微胖女孩 #辣妹日记 #打底衫 #显瘦穿搭 #微胖女孩穿搭 高个子穿搭, 梨形身材穿搭, 显瘦穿搭, 微胖女孩穿搭, 辣妹穿搭, 辣妹, 微胖女孩, 辣妹日记, 打底衫",0,40
59124ed350c4b429bae8bee6,6561d968000000003103e11b,"173cm/140斤微胖女孩大胆穿！富家千金来啦！ 小红书 #高个子穿搭 #梨形身材穿搭 #显瘦穿搭 #贵气感穿搭 #微胖女孩 #微胖女生穿搭 #微胖梨形 #微胖身材 #微胖女生 高个子穿搭, 梨形身材穿搭, 显瘦穿搭, 贵气感穿搭, 微胖女孩, 微胖女生穿搭, 微胖梨形, 微胖身材, 微胖女生",0,16
59124ed350c4b429bae8bee6,6560b7740000000032000818,"173cm/140斤 微胖辣妹大胆穿！ 小红书 #高个子穿搭 #梨形身材穿搭 #显瘦穿搭 #辣妹穿搭 #辣妹穿搭 #微胖穿搭 #穿搭 #微胖女孩 #小个子穿搭 #日常穿搭 #微胖梨形 #微胖女孩穿搭 #微胖女孩穿搭 高个子穿搭, 梨形身材穿搭, 显瘦穿搭, 辣妹穿搭, 微胖穿搭, 穿搭, 微胖女孩, 小个子穿搭, 日常穿搭, 微胖梨形, 微胖女孩穿搭",0,12
59124ed350c4b429bae8bee6,655f3b1f00000000170352c7,"173cm/140斤 微胖辣妹大胆穿！ 小红书 姐就是有无数可能哈哈哈哈 微胖姐妹大胆穿！只要心不老 年年要高考（不是）今天这套学院风套装尊嘟太可爱了！姐喜欢！瞬间年轻好多！这套当内搭绝绝子！微胖姐妹冲！ #大码显瘦 #大码穿搭 #学院风穿搭 #显瘦穿搭 #大码女装 #高个子穿搭 #梨形身材穿搭 #显瘦穿搭 #微胖女生穿搭 #微胖女孩穿搭 #大码穿搭 #微胖梨形 #学院风穿搭 大码显瘦, 大码穿搭, 学院风穿搭, 显瘦穿搭, 大码女装, 高个子穿搭, 梨形身材穿搭, 微胖女生穿搭, 微胖女孩穿搭, 微胖梨形",0,15
59124ed350c4b429bae8bee6,655e11e800000000320253aa,"173cm/140斤 微胖辣妹大胆穿！ 小红书 微胖辣妹大胆穿 这么穿尊嘟太辣啦！#高个子穿搭 #梨形身材穿搭 #显瘦穿搭 #微胖女生穿搭 #微胖女孩#微胖女孩穿搭 #微胖女生穿搭 #微胖女生穿搭 高个子穿搭, 梨形身材穿搭, 显瘦穿搭, 微胖女生穿搭, 微胖女孩, 微胖女孩穿搭",0,40
59124ed350c4b429bae8bee6,655e0983000000001100e86e,"173cm/140斤 微胖辣妹大胆穿！ 小红书 #毛衣 #大码女装 #大码穿搭 #大码显瘦 #高个子穿搭 #梨形身材穿搭 #显瘦穿搭 #微胖女生穿搭 #微胖穿搭 毛衣, 大码女装, 大码穿搭, 大码显瘦, 高个子穿搭, 梨形身材穿搭, 显瘦穿搭, 微胖女生穿搭, 微胖穿搭",0,15
59124ed350c4b429bae8bee6,6558a6b2000000003103fc86,"173cm/140斤 微胖辣妹大胆穿！ 小红书 今天是黑大衣酷girl！内搭尊嘟爱了 这样穿谁看得出来我140斤啊～微胖辣妹大胆穿！ #大码女装 #大码显瘦 #大码穿搭 #扭一扭 #高个子穿搭 #梨形身材穿搭 #显瘦穿搭 #微胖女孩穿搭 #微胖女生穿搭 #微胖女孩 #微胖穿搭 #微胖梨形 大码女装, 大码显瘦, 大码穿搭, 扭一扭, 高个子穿搭, 梨形身材穿搭, 显瘦穿搭, 微胖女孩穿搭, 微胖女生穿搭, 微胖女孩, 微胖穿搭, 微胖梨形",0,15
59124ed350c4b429bae8bee6,65572e27000000001b034d56,"173cm/140斤 微胖:girl_light_skin_tone:小香风羽绒服来啦～ 小红书 精致感拉满～上身效果尊的没得说好显！显得比例好好 微胖姐妹们冲！ #高个子穿搭 #梨形身材穿搭 #显瘦穿搭 #微胖穿搭 #微胖穿搭 #微胖女孩穿搭 #羽绒服 #今日穿搭 高个子穿搭, 梨形身材穿搭, 显瘦穿搭, 微胖穿搭, 微胖女孩穿搭, 羽绒服, 今日穿搭",0,15
59124ed350c4b429bae8bee6,65536d95000000001100f410,"173cm/140斤 微胖:girl_light_skin_tone:温柔知性风穿搭来喽～ 小红书 没想到这样穿巨巨巨显瘦啊姐妹们～想显瘦还得是一身黑～微胖姐妹冲！ #大码穿搭 #显瘦穿搭 #大码女装 #显瘦 #大码显瘦 #高个子穿搭 #梨形身材穿搭 #显瘦穿搭 #微胖穿搭 #微胖女孩穿搭 #穿搭 #气质穿搭 #日常穿搭 #日常穿搭 #冬季穿搭 大码穿搭, 显瘦穿搭, 大码女装, 显瘦, 大码显瘦, 高个子穿搭, 梨形身材穿搭, 微胖穿搭, 微胖女孩穿搭, 穿搭, 气质穿搭, 日常穿搭, 冬季穿搭",0,12
59124ed350c4b429bae8bee6,65520327000000003202a900,"173cm/140斤 微胖:girl_light_skin_tone:这也太知性温柔了吧！ 小红书 微胖女孩冲这套 这个内搭平价舒服 闭眼冲 外搭是办公室神器了！！单穿内搭不好意思的姐妹 披个披肩 真的太好看了！！微胖姐妹冲！！ #高个子穿搭 #梨形身材穿搭 #显瘦穿搭 #微胖穿搭 #微胖女孩穿搭 #穿搭 #气质穿搭 #秋季穿搭 #冬季穿搭 #冬季保暖神器 #披肩 高个子穿搭, 梨形身材穿搭, 显瘦穿搭, 微胖穿搭, 微胖女孩穿搭, 穿搭, 气质穿搭, 秋季穿搭, 冬季穿搭, 冬季保暖神器, 披肩",0,31
59124ed350c4b429bae8bee6,6550d160000000001b03705f,"173cm/140斤 微胖:girl_light_skin_tone:这件毛衣太显白噜！ 小红书 挖到一件敲显白的酒红色毛衣！真的好喜欢！姐妹圣诞穿搭可以get了！ #高个子穿搭 #显瘦穿搭 #显瘦穿搭 #微胖穿搭 #微胖女孩穿搭 #秋冬毛衣 #显瘦穿搭 #梨形身材穿搭 #穿搭 #穿搭 #秋季穿搭 #日常穿搭 #微胖女孩穿搭 高个子穿搭, 显瘦穿搭, 微胖穿搭, 微胖女孩穿搭, 秋冬毛衣, 梨形身材穿搭, 穿搭, 秋季穿搭, 日常穿搭",0,79
59124ed350c4b429bae8bee6,654b78ea0000000032002f54,"173cm/140斤 微胖姐妹大胆穿！温柔风来喽～ 小红书 啊啊啊啊 没想到我能这么甜哇～属于高个子姐妹的甜妹时刻！哈哈哈哈尊的好可爱～喜欢！！这件大衣够长够厚 北方的姐妹！搭配短款灰色内搭套装一整个爱住！ #梨形身材穿搭 #高个子穿搭 #显瘦穿搭 #大衣穿搭#显瘦穿搭 #大码女孩 #微胖女孩 #微胖女生穿搭 #梨形高个子 #梨形高个子穿搭 #微胖梨形 #微胖女孩穿搭 梨形身材穿搭, 高个子穿搭, 显瘦穿搭, 大衣穿搭, 大码女孩, 微胖女孩, 微胖女生穿搭, 梨形高个子, 梨形高个子穿搭, 微胖梨形, 微胖女孩穿搭",0,40
59124ed350c4b429bae8bee6,654b5734000000001b035758,"微胖女孩 | 秋冬百搭饰品来喽 小红书 新买的周六福时尚蜜语项链真的太好看辣！年纪越大越对金饰品没有抵抗力！又漂亮又保值的饰品谁不爱啊~真的太喜欢了！姐妹们冲 #周六福#万物与我金致潮起#爱美尖子生#微胖穿搭#金项链 周六福, 万物与我金致潮起, 爱美尖子生, 微胖穿搭, 金项链",0,8
59124ed350c4b429bae8bee6,6548d577000000001f007158,"173cm/140斤 微胖辣妹大胆穿！小香风yyds 小红书 这套真的泰泰泰显瘦了！！微胖姐妹听我的！冲这套就是了！！休闲中带点御！我好喜欢啊！！上身财阀千金既视感 我太爱了！ #小香风 #甜酷穿搭 #财阀千金穿搭 #小香风外套 #小香风穿搭 #高个子穿搭 #梨形身材穿搭 #显瘦穿搭 #微胖穿搭 #微胖女孩穿搭 #辣妹穿搭 #微胖女孩 #穿搭 #气质穿搭 小香风, 甜酷穿搭, 财阀千金穿搭, 小香风外套, 小香风穿搭, 高个子穿搭, 梨形身材穿搭, 显瘦穿搭, 微胖穿搭, 微胖女孩穿搭, 辣妹穿搭, 微胖女孩, 穿搭, 气质穿搭",0,15
59124ed350c4b429bae8bee6,65479e60000000001f03da21,"173cm/140斤 降温喽～羽绒服穿搭安排！ 小红书 微胖女孩大胆穿！降温喽姐妹们～羽绒服穿搭安排起来～#高个子穿搭 #梨形身材穿搭 #显瘦穿搭 #羽绒服穿搭 #秋冬穿搭 #羽绒服 #羽绒服推荐 #短款羽绒服 #微胖梨形 高个子穿搭, 梨形身材穿搭, 显瘦穿搭, 羽绒服穿搭, 秋冬穿搭, 羽绒服, 羽绒服推荐, 短款羽绒服, 微胖梨形",0,78
59124ed350c4b429bae8bee6,65479053000000001e02d159,"173cm/140斤 微胖辣妹大胆穿！新中式泰裤辣 小红书 酷酷麻吉重做上线 纯黑新中式写了我的名字～微胖女孩大胆穿！这套真的泰裤辣！ #高个子穿搭 #梨形身材穿搭 #微胖穿搭 #显瘦穿搭 #微胖女孩穿搭 #辣妹穿搭 #微胖女孩 #辣妹 #穿搭 #新中式穿搭 #微胖女生穿搭 #微胖梨形 高个子穿搭, 梨形身材穿搭, 微胖穿搭, 显瘦穿搭, 微胖女孩穿搭, 辣妹穿搭, 微胖女孩, 辣妹, 穿搭, 新中式穿搭, 微胖女生穿搭, 微胖梨形",0,15
59124ed350c4b429bae8bee6,65437a65000000001e02ee99,"173cm/140斤 微胖女孩大胆穿！ 小红书 微胖女孩秋冬这样穿也太有氛围感了吧～ #梨形身材穿搭 #高个子穿搭 #显瘦穿搭 #微胖女孩穿搭 #微胖女孩 #微胖穿搭 #微胖 #穿搭 #气质穿搭 #时尚穿搭 #毛衣穿搭#5G入秋 梨形身材穿搭, 高个子穿搭, 显瘦穿搭, 微胖女孩穿搭, 微胖女孩, 微胖穿搭, 微胖, 穿搭, 气质穿搭, 时尚穿搭, 毛衣穿搭, 5G入秋",0,40
59124ed350c4b429bae8bee6,6538d77d000000001f036af1,"173cm/140斤微胖辣妹大胆穿！ 小红书 梨形姐妹永远和短上衣:locked:着！这套真的显高显瘦～微胖辣妹大胆穿呀！真的辣的我斯哈斯哈～哈哈哈姐妹们冲～ #高个子穿搭 #梨形身材穿搭 #显瘦穿搭 #辣妹穿搭 #微胖穿搭 #微胖女孩穿搭 #穿搭 #微胖女孩 #日常穿搭 #高个子女生穿搭 #微胖女孩穿搭 #微胖辣妹 高个子穿搭, 梨形身材穿搭, 显瘦穿搭, 辣妹穿搭, 微胖穿搭, 微胖女孩穿搭, 穿搭, 微胖女孩, 日常穿搭, 高个子女生穿搭, 微胖辣妹",0,15
59124ed350c4b429bae8bee6,65366e500000000020003363,"173cm/140斤 微胖辣妹大胆穿！皮衣太酷了！ 小红书 微胖辣妹大胆穿～你超飒的！皮衣真的又帅又美呀！冬天这么穿真的又暖又有个性～微胖姐妹冲 #高个子穿搭 #梨形身材穿搭 #显瘦穿搭 #微胖穿搭 #微胖 #微胖穿搭 #辣妹穿搭 #辣妹 #皮衣穿搭 #微胖女孩穿搭 高个子穿搭, 梨形身材穿搭, 显瘦穿搭, 微胖穿搭, 微胖, 辣妹穿搭, 辣妹, 皮衣穿搭, 微胖女孩穿搭",0,58
59124ed350c4b429bae8bee6,652fbb21000000001e02d0e9,"173cm/140斤 微胖女孩:girl_light_skin_tone:气质穿搭来喽～ 小红书 条纹衫真的是经典呐～搭配卡其色外套 一套简单大方又耐看～微胖女孩也能驾驭的条纹内搭～微胖姐妹冲！#高个子穿搭 #梨形身材穿搭 #显瘦穿搭 #气质穿搭 #穿搭 #秋季穿搭 #日常穿搭 #ootd每日穿搭 #气质穿搭 #通勤穿搭 #职场穿搭#暇步士必买清单 高个子穿搭, 梨形身材穿搭, 显瘦穿搭, 气质穿搭, 穿搭, 秋季穿搭, 日常穿搭, ootd每日穿搭, 通勤穿搭, 职场穿搭, 暇步士必买清单",0,55
59124ed350c4b429bae8bee6,652fbb21000000001e02d0e9,"173cm/140斤 微胖女孩:girl_light_skin_tone:气质穿搭来喽～ 小红书 条纹衫真的是经典呐～搭配卡其色外套 一套简单大方又耐看～微胖女孩也能驾驭的条纹内搭～微胖姐妹冲！#高个子穿搭 #梨形身材穿搭 #显瘦穿搭 #气质穿搭 #穿搭 #秋季穿搭 #日常穿搭 #ootd每日穿搭 #气质穿搭 #通勤穿搭 #职场穿搭#暇步士必买清单 高个子穿搭, 梨形身材穿搭, 显瘦穿搭, 气质穿搭, 穿搭, 秋季穿搭, 日常穿搭, ootd每日穿搭, 通勤穿搭, 职场穿搭, 暇步士必买清单",0,49
59124ed350c4b429bae8bee6,652f9a83000000001f03ad89,"173cm/140斤 微胖辣妹大胆穿！ 小红书 降温了姐妹们 羽绒服可以买了 这件又轻又舒服 咖色耐看洋气 不愧是肯豆严选哈哈哈 爱了爱了～微胖姐妹冬天也能很漂亮！微胖辣妹大胆穿！ #羽绒服 #大码显瘦 #秋冬穿搭 #高个子穿搭 #梨形身材穿搭 #显瘦穿搭 #微胖穿搭 #微胖 #辣妹 #微胖女孩穿搭 #微胖女孩 羽绒服, 大码显瘦, 秋冬穿搭, 高个子穿搭, 梨形身材穿搭, 显瘦穿搭, 微胖穿搭, 微胖, 辣妹, 微胖女孩穿搭, 微胖女孩",0,15
59124ed350c4b429bae8bee6,652f9a83000000001f03ad89,"173cm/140斤 微胖辣妹大胆穿！ 小红书 降温了姐妹们 羽绒服可以买了 这件又轻又舒服 咖色耐看洋气 不愧是肯豆严选哈哈哈 爱了爱了～微胖姐妹冬天也能很漂亮！微胖辣妹大胆穿！ #羽绒服 #大码显瘦 #秋冬穿搭 #高个子穿搭 #梨形身材穿搭 #显瘦穿搭 #微胖穿搭 #微胖 #辣妹 #微胖女孩穿搭 #微胖女孩 羽绒服, 大码显瘦, 秋冬穿搭, 高个子穿搭, 梨形身材穿搭, 显瘦穿搭, 微胖穿搭, 微胖, 辣妹, 微胖女孩穿搭, 微胖女孩",0,79
59124ed350c4b429bae8bee6,652d0a98000000001e03dfdf,"173cm/140斤 微胖辣妹大胆穿！你真的很飒！ 小红书 内搭显瘦 外套更显瘦 一套在一起就是瘦上加瘦！我真的太会了～先要显瘦的酷女孩直接冲这套 ！微胖姐妹冲！ #高个子穿搭 #显瘦穿搭 #显瘦穿搭 #微胖穿搭 #梨形身材穿搭 #微胖女孩穿搭 #辣妹穿搭 #穿搭 #气质穿搭 #日常穿搭 高个子穿搭, 显瘦穿搭, 微胖穿搭, 梨形身材穿搭, 微胖女孩穿搭, 辣妹穿搭, 穿搭, 气质穿搭, 日常穿搭",0,49
59124ed350c4b429bae8bee6,652d0a98000000001e03dfdf,"173cm/140斤 微胖辣妹大胆穿！你真的很飒！ 小红书 内搭显瘦 外套更显瘦 一套在一起就是瘦上加瘦！我真的太会了～先要显瘦的酷女孩直接冲这套 ！微胖姐妹冲！ #高个子穿搭 #显瘦穿搭 #显瘦穿搭 #微胖穿搭 #梨形身材穿搭 #微胖女孩穿搭 #辣妹穿搭 #穿搭 #气质穿搭 #日常穿搭 高个子穿搭, 显瘦穿搭, 微胖穿搭, 梨形身材穿搭, 微胖女孩穿搭, 辣妹穿搭, 穿搭, 气质穿搭, 日常穿搭",0,90
59124ed350c4b429bae8bee6,652a5d1f000000001f03b616,"173cm/140斤 微胖辣妹大胆穿！ 小红书 这件破洞毛衣太有味道了～竟然给我大骨架微胖穿都略显宽松 喜欢这个味道的微胖宝贝冲！ #高个子穿搭 #梨形身材穿搭 #显瘦穿搭 #微胖穿搭 #微胖女孩穿搭 #辣妹穿搭 #微胖女孩 #辣妹 #穿搭 #微胖女孩穿搭 高个子穿搭, 梨形身材穿搭, 显瘦穿搭, 微胖穿搭, 微胖女孩穿搭, 辣妹穿搭, 微胖女孩, 辣妹, 穿搭",0,40
59124ed350c4b429bae8bee6,65227f52000000002000040d,"173cm/140斤 微胖女孩:girl_light_skin_tone:咖色毛衣穿搭来喽 小红书 谁能想到这件咖色毛衣这么百搭 这么显瘦呀～ 微胖姐妹放心冲～ #高个子穿搭 #梨形身材穿搭 #显瘦穿搭 #微胖女孩穿搭 #卡其色穿搭 #大学生穿搭 #跟着博主学穿搭 #女大学生日常穿搭 #气质穿搭 #微胖穿搭 高个子穿搭, 梨形身材穿搭, 显瘦穿搭, 微胖女孩穿搭, 卡其色穿搭, 大学生穿搭, 跟着博主学穿搭, 女大学生日常穿搭, 气质穿搭, 微胖穿搭",0,15
59124ed350c4b429bae8bee6,65227f52000000002000040d,"173cm/140斤 微胖女孩:girl_light_skin_tone:咖色毛衣穿搭来喽 小红书 谁能想到这件咖色毛衣这么百搭 这么显瘦呀～ 微胖姐妹放心冲～ #高个子穿搭 #梨形身材穿搭 #显瘦穿搭 #微胖女孩穿搭 #卡其色穿搭 #大学生穿搭 #跟着博主学穿搭 #女大学生日常穿搭 #气质穿搭 #微胖穿搭 高个子穿搭, 梨形身材穿搭, 显瘦穿搭, 微胖女孩穿搭, 卡其色穿搭, 大学生穿搭, 跟着博主学穿搭, 女大学生日常穿搭, 气质穿搭, 微胖穿搭",0,40
59124ed350c4b429bae8bee6,65227f52000000002000040d,"173cm/140斤 微胖女孩:girl_light_skin_tone:咖色毛衣穿搭来喽 小红书 谁能想到这件咖色毛衣这么百搭 这么显瘦呀～ 微胖姐妹放心冲～ #高个子穿搭 #梨形身材穿搭 #显瘦穿搭 #微胖女孩穿搭 #卡其色穿搭 #大学生穿搭 #跟着博主学穿搭 #女大学生日常穿搭 #气质穿搭 #微胖穿搭 高个子穿搭, 梨形身材穿搭, 显瘦穿搭, 微胖女孩穿搭, 卡其色穿搭, 大学生穿搭, 跟着博主学穿搭, 女大学生日常穿搭, 气质穿搭, 微胖穿搭",0,55
59124ed350c4b429bae8bee6,651fd970000000001e00efc5,"方圆脸女孩:girl_light_skin_tone:麻吉的帽子分享来噜！ 小红书 长视频 先一键三连喽宝子们 #高个子穿搭 #帽子分享 #这顶帽子合适吗 #方圆脸 #帽子推荐 高个子穿搭, 帽子分享, 这顶帽子合适吗, 方圆脸, 帽子推荐",0,55
59124ed350c4b429bae8bee6,651c3b18000000001e030291,"173cm/140斤 拜托！微胖辣妹请大胆穿好吗？ 小红书 这就是传说中的蟒蛇系美女吧 哈哈哈太有熟女的味道了！！年会战裙:plus:10086～太适合梨形辣！！ #高个子穿搭 #梨形身材穿搭 #辣妹穿搭 #显瘦穿搭 #微胖女孩穿搭 #穿搭 #日常穿搭 #年会礼服 #梨形身材穿搭 高个子穿搭, 梨形身材穿搭, 辣妹穿搭, 显瘦穿搭, 微胖女孩穿搭, 穿搭, 日常穿搭, 年会礼服",0,21
59124ed350c4b429bae8bee6,6516a0a6000000001f006f59,"173cm/140斤 微胖女孩:girl_light_skin_tone:通勤穿搭来喽～ 小红书 虽然姐很酷 但是偶尔得上班 这套真的很适合体制内或者教师宝宝 版型很正很显瘦 深秋或者初冬 搭配小香风外套或者呢子大衣就超级配 微胖姐妹的天菜显瘦正装，新手快来抄作业 #高个子穿搭 #梨形身材穿搭 #显瘦穿搭 #微胖女孩穿搭 #微胖穿搭 #微胖女孩 #气质穿搭 #穿搭 #职场通勤穿搭 高个子穿搭, 梨形身材穿搭, 显瘦穿搭, 微胖女孩穿搭, 微胖穿搭, 微胖女孩, 气质穿搭, 穿搭, 职场通勤穿搭",0,25
59124ed350c4b429bae8bee6,6513d585000000001e03e4d3,"173cm/140斤 微胖女孩大胆穿！ 小红书 微胖女孩大胆穿 ！自洽自爱 穿的舒服才能更爱自己 今天六点半起床浅浅体验了下 morning walk 尊的太酥糊啦～最近看到路上好多姐妹都穿着瑜伽裤出行 真的太好看啦 身材焦虑好像真的在一点一点变少 那么今天 本微胖博主麻吉 也来尝试一下瑜伽裤出行吧～希望关注我的姐妹都能随心所欲 想穿什么就穿什么 怎么舒服怎么穿吧～ 裤子：VFU星晴裤通勤版 背心&amp;外套：VFU小猫耳&amp;一体织外套 #早九晚gym一件就go #自洽风穿搭 #运动穿搭 #瑜伽裤外穿 #高个子穿搭 #梨形身材穿搭 #显瘦穿搭 #微胖女孩穿搭 #微胖女孩 #穿搭 #日常穿搭 #瑜伽裤穿搭 #Leggings 早九晚gym一件就go, 自洽风穿搭, 运动穿搭, 瑜伽裤外穿, 高个子穿搭, 梨形身材穿搭, 显瘦穿搭, 微胖女孩穿搭, 微胖女孩, 穿搭, 日常穿搭, 瑜伽裤穿搭, Leggings",0,15
59124ed350c4b429bae8bee6,65116e86000000001f03e6eb,"173cm/140斤 元气up！微胖姐妹出游穿搭！ 小红书 微胖女孩出游穿搭来啦～这个裙长对高个子女孩很友好～这个颜色太舒服了 尊嘟爱了 #高个子穿搭 #梨形身材穿搭 #显瘦穿搭 #微胖穿搭 #微胖女孩穿搭 #穿搭 #气质穿搭 #日常穿搭 #微胖 高个子穿搭, 梨形身材穿搭, 显瘦穿搭, 微胖穿搭, 微胖女孩穿搭, 穿搭, 气质穿搭, 日常穿搭, 微胖",0,40
59124ed350c4b429bae8bee6,650eb36f000000001e02c572,"173cm/140斤 微胖女孩:girl_light_skin_tone:御姐通勤穿搭来喽 小红书 虽然姐很帅 但是偶尔得上班 微胖御姐们～这套尊的太适合轻熟风的姐妹啦～颜色高级且特别 穿上秒变气质女人～ #高个子穿搭 #梨形身材穿搭 #显瘦穿搭 #微胖女孩穿搭 #微胖穿搭 #职场通勤穿搭 #微胖女孩 #气质穿搭 高个子穿搭, 梨形身材穿搭, 显瘦穿搭, 微胖女孩穿搭, 微胖穿搭, 职场通勤穿搭, 微胖女孩, 气质穿搭",0,95
59124ed350c4b429bae8bee6,650c0e79000000001e03c7c8,"173cm/140斤 微胖辣妹大胆穿！ 小红书 就喜欢这种劲劲的感觉～哈哈～微胖姑娘穿瑜伽服也能很好看啊！微胖女孩大胆穿！ #高个子穿搭 #显瘦穿搭 #梨形身材穿搭 #微胖穿搭 #微胖女孩穿搭 #辣妹穿搭 #微胖 #瑜伽服 #瑜伽服推荐 #运动服套装穿搭 高个子穿搭, 显瘦穿搭, 梨形身材穿搭, 微胖穿搭, 微胖女孩穿搭, 辣妹穿搭, 微胖, 瑜伽服, 瑜伽服推荐, 运动服套装穿搭",0,15
59124ed350c4b429bae8bee6,650d5e29000000001e02380e,"173cm/140斤 微胖:girl_light_skin_tone:显瘦毛衣套装来喽～ 小红书 这套真的属于秋冬万金油了 真的什么外套都搭的上！经典黑白配色 超好搭 上衣很软版型很好 裙子微阔 适合咱们胯宽梨形 显得咱腰细臀翘～国庆要参加婚礼的 这套也不失为一个很好的选择 #大码穿搭 #显瘦 #大码显瘦 #显瘦穿搭 #大码女装 #高个子穿搭 #梨形身材穿搭 #显瘦穿搭 #微胖穿搭 #微胖女孩穿搭 #微胖女孩 #穿搭 #气质穿搭 #日常穿搭 大码穿搭, 显瘦, 大码显瘦, 显瘦穿搭, 大码女装, 高个子穿搭, 梨形身材穿搭, 微胖穿搭, 微胖女孩穿搭, 微胖女孩, 穿搭, 气质穿搭, 日常穿搭",0,12
59124ed350c4b429bae8bee6,650c4432000000001e0301db,"173cm/140斤 微胖女孩:girl_light_skin_tone:国庆穿搭安排啦～ 小红书 国庆出游安排～这套紫色毛衣套装真的很适合出游呀～肯定出片！ #高个子穿搭 #梨形身材穿搭 #显瘦穿搭 #微胖女孩穿搭 #微胖穿搭 #穿搭 #微胖女孩 #气质穿搭 #日常穿搭 #国庆节 #国庆穿搭 高个子穿搭, 梨形身材穿搭, 显瘦穿搭, 微胖女孩穿搭, 微胖穿搭, 穿搭, 微胖女孩, 气质穿搭, 日常穿搭, 国庆节, 国庆穿搭",0,95
59124ed350c4b429bae8bee6,650afd29000000001e02df3f,"173cm/140斤 微胖女孩:girl_light_skin_tone:秋日多巴胺穿搭～ 小红书 好喜欢这套的颜色和材质呀！！一整个高级多巴胺住了！！好适合气质风小姐姐 #秋冬毛衣 #高个子穿搭 #梨形身材穿搭 #显瘦穿搭 #多巴胺女孩穿搭 #微胖女孩穿搭 #微胖女孩穿搭 #多巴胺 #多巴胺 #气质穿搭 #穿搭 秋冬毛衣, 高个子穿搭, 梨形身材穿搭, 显瘦穿搭, 多巴胺女孩穿搭, 微胖女孩穿搭, 多巴胺, 气质穿搭, 穿搭",0,95
59124ed350c4b429bae8bee6,65081c7e000000001e03ddc3,"173cm/140斤 微胖女孩大胆穿！ 小红书 这件阔版风衣只有微胖高个子女孩才能撑得起来 真的太飒了… #高个子穿搭 #梨形身材穿搭 #显瘦穿搭 #微胖女孩 #微胖女孩穿搭 #微胖 #微胖穿搭 #风衣穿搭 #穿搭 高个子穿搭, 梨形身材穿搭, 显瘦穿搭, 微胖女孩, 微胖女孩穿搭, 微胖, 微胖穿搭, 风衣穿搭, 穿搭",0,73
59124ed350c4b429bae8bee6,6506d968000000001f00480b,"173cm/140斤 微胖女孩 :girl_light_skin_tone:显瘦西装来喽～ 小红书 感觉休闲西装真的很适合咱们微胖姑娘了 搭配牛仔裤 嘎嘎显瘦 这件西装版型很好略微宽松 牛仔裤的版型我真得夸一夸 朋友们我是梨形啊 腿型显得笔直并且不显三角区啊谁懂 #高个子穿搭 #梨形身材穿搭 #显瘦穿搭 #显瘦牛仔裤 #微胖女孩 #显瘦神裤 #微胖女孩穿搭 #日常穿搭 #微胖西装穿搭 #早秋西装 高个子穿搭, 梨形身材穿搭, 显瘦穿搭, 显瘦牛仔裤, 微胖女孩, 显瘦神裤, 微胖女孩穿搭, 日常穿搭, 微胖西装穿搭, 早秋西装",0,15
59124ed350c4b429bae8bee6,65018684000000001f0078f3,"173cm/140斤 微胖女孩:girl_light_skin_tone:订婚丝绒裙来啦～ 小红书 适合订婚、回门宴的丝绒裙来啦～好喜庆好高级～微胖女孩闭眼入 九月十月有大日子的姐妹可以试试看～料子很厚实很有质感 #高个子穿搭 #梨形身材穿搭 #显瘦穿搭 #微胖女孩 #微胖女孩穿搭 #我们订婚啦 #微胖穿搭 #婚纱礼服 #红色礼服 #大码女装 #大码显瘦 #大码穿搭 高个子穿搭, 梨形身材穿搭, 显瘦穿搭, 微胖女孩, 微胖女孩穿搭, 我们订婚啦, 微胖穿搭, 婚纱礼服, 红色礼服, 大码女装, 大码显瘦, 大码穿搭",0,95
59124ed350c4b429bae8bee6,64fed6cc000000001f0346cb,"173cm/140斤 秋天来啦～微胖辣妹大胆穿吧！ 小红书 微胖女孩大胆穿！妥妥美拉德色系 和绿色好搭呀～喜欢这套～ #高个子穿搭 #梨形身材穿搭 #显瘦穿搭 #微胖穿搭 #微胖女孩穿搭 #辣妹穿搭 #辣妹 #日常穿搭 #每日穿搭 #今日穿搭 #微胖女孩穿搭 高个子穿搭, 梨形身材穿搭, 显瘦穿搭, 微胖穿搭, 微胖女孩穿搭, 辣妹穿搭, 辣妹, 日常穿搭, 每日穿搭, 今日穿搭",0,90
59124ed350c4b429bae8bee6,64fb0dac0000000020002586,"173cm/140斤 微胖女孩:girl_light_skin_tone:不露腿穿搭来喽～ 小红书 风衣果然和秋天绝配啊～秋天这么穿休闲慵懒感拿捏啦～上班上学都穿的很舒服呢～ #高个子穿搭 #梨形身材穿搭 #显瘦穿搭 #不露腿穿搭 #微胖女孩穿搭 #微胖穿搭 #穿搭 #休闲穿搭 #气质穿搭 高个子穿搭, 梨形身材穿搭, 显瘦穿搭, 不露腿穿搭, 微胖女孩穿搭, 微胖穿搭, 穿搭, 休闲穿搭, 气质穿搭",0,47
59124ed350c4b429bae8bee6,64f9ac33000000001e0220b6,"173cm/140斤 微胖辣妹大胆穿！你真的超美！ 小红书 不媚男 媚女哈哈哈姐妹们梨形天菜来了！！尊嘟太好康了 我还是140斤的麻吉吗 一脸怀疑 #高个子穿搭 #梨形身材穿搭 #显瘦穿搭 #辣妹穿搭 #微胖穿搭 #辣妹 #微胖女孩穿搭 #日常穿搭 #今日穿搭 #大码显瘦 #包臀裙 #财阀千金穿搭 #御姐穿搭 高个子穿搭, 梨形身材穿搭, 显瘦穿搭, 辣妹穿搭, 微胖穿搭, 辣妹, 微胖女孩穿搭, 日常穿搭, 今日穿搭, 大码显瘦, 包臀裙, 财阀千金穿搭, 御姐穿搭",0,45
59124ed350c4b429bae8bee6,64f9ac33000000001e0220b6,"173cm/140斤 微胖辣妹大胆穿！你真的超美！ 小红书 不媚男 媚女哈哈哈姐妹们梨形天菜来了！！尊嘟太好康了 我还是140斤的麻吉吗 一脸怀疑 #高个子穿搭 #梨形身材穿搭 #显瘦穿搭 #辣妹穿搭 #微胖穿搭 #辣妹 #微胖女孩穿搭 #日常穿搭 #今日穿搭 #大码显瘦 #包臀裙 #财阀千金穿搭 #御姐穿搭 高个子穿搭, 梨形身材穿搭, 显瘦穿搭, 辣妹穿搭, 微胖穿搭, 辣妹, 微胖女孩穿搭, 日常穿搭, 今日穿搭, 大码显瘦, 包臀裙, 财阀千金穿搭, 御姐穿搭",0,15
59124ed350c4b429bae8bee6,64f8451e000000001f004f4c,"173cm/140斤 没骗人！真的140斤啊啊啊啊啊！ 小红书 微胖辣妹大胆穿！All BALCK穿搭尊嘟显瘦啊…又酷又飒的姐姐风～我真滴爱鼠！！ #高个子穿搭 #梨形身材穿搭 #显瘦穿搭 #这么穿显腿长 #这么穿显腿长 #最百搭的鞋 #每日穿搭 #姐姐系穿搭 #酷飒穿搭 #秋天穿什么 #微胖女孩穿搭 #微胖穿搭 高个子穿搭, 梨形身材穿搭, 显瘦穿搭, 这么穿显腿长, 最百搭的鞋, 每日穿搭, 姐姐系穿搭, 酷飒穿搭, 秋天穿什么, 微胖女孩穿搭, 微胖穿搭",0,11
59124ed350c4b429bae8bee6,64f8451e000000001f004f4c,"173cm/140斤 没骗人！真的140斤啊啊啊啊啊！ 小红书 微胖辣妹大胆穿！All BALCK穿搭尊嘟显瘦啊…又酷又飒的姐姐风～我真滴爱鼠！！ #高个子穿搭 #梨形身材穿搭 #显瘦穿搭 #这么穿显腿长 #这么穿显腿长 #最百搭的鞋 #每日穿搭 #姐姐系穿搭 #酷飒穿搭 #秋天穿什么 #微胖女孩穿搭 #微胖穿搭 高个子穿搭, 梨形身材穿搭, 显瘦穿搭, 这么穿显腿长, 最百搭的鞋, 每日穿搭, 姐姐系穿搭, 酷飒穿搭, 秋天穿什么, 微胖女孩穿搭, 微胖穿搭",0,15
59124ed350c4b429bae8bee6,64f46c32000000001e0336a9,"173cm/140斤 微胖女孩:girl_light_skin_tone:降温穿搭来喽～ 小红书 北方姐妹 该准备毛衣喽～说冷就冷的～ #大码穿搭 #大码女装 #大码显瘦 #高个子穿搭 #梨形身材穿搭 #显瘦穿搭 #穿搭 #毛衣 #秋季穿搭 #秋冬毛衣 #毛衣搭配 大码穿搭, 大码女装, 大码显瘦, 高个子穿搭, 梨形身材穿搭, 显瘦穿搭, 穿搭, 毛衣, 秋季穿搭, 秋冬毛衣, 毛衣搭配",0,15
59124ed350c4b429bae8bee6,64f40dc3000000001e02bcd6,"微胖女孩:girl_light_skin_tone:新中式饰品合集来啦！！ 小红书 麻吉严选 件件精品 哈哈哈 这一期真的属于是掏箱底了 #高个子穿搭 #梨形身材穿搭 #我的宝藏饰品 #小众饰品 #饰品 #宝藏饰品大公开 #新中式风格 #新中式饰品 高个子穿搭, 梨形身材穿搭, 我的宝藏饰品, 小众饰品, 饰品, 宝藏饰品大公开, 新中式风格, 新中式饰品",0,28
59124ed350c4b429bae8bee6,64f32863000000001d014f33,"173cm/140斤 微胖咋啦:red_exclamation_mark:也能很美啊:red_exclamation_mark: 小红书 这条小黑裙真的显瘦一绝啊！！！自带弹力 微胖姐妹穿完全不勒！！秋冬天非常好搭配！！喜欢这种风格的姐妹可以冲了！ #大码女装 #大码穿搭 #显瘦穿搭 #黑色连衣裙 #大码显瘦 #高个子穿搭 #梨形身材穿搭 #显瘦穿搭 #微胖女孩 #微胖穿搭 #微胖女孩穿搭 #小黑裙 #穿搭 #穿搭 大码女装, 大码穿搭, 显瘦穿搭, 黑色连衣裙, 大码显瘦, 高个子穿搭, 梨形身材穿搭, 微胖女孩, 微胖穿搭, 微胖女孩穿搭, 小黑裙, 穿搭",0,12
59124ed350c4b429bae8bee6,64f1b6460000000020003137,"173cm/140斤 谁说微胖不能当辣妹啊:red_exclamation_mark::red_exclamation_mark: 小红书 各位:red_exclamation_mark:这套真的辣:red_exclamation_mark:今年的第一件牛仔衣安排上啦～不规则的裙摆很有个性 #高个子穿搭 #梨形身材穿搭 #显瘦穿搭 #辣妹 #辣妹穿搭 #微胖穿搭 #微胖女孩穿搭 #日常穿搭 #微胖辣妹 高个子穿搭, 梨形身材穿搭, 显瘦穿搭, 辣妹, 辣妹穿搭, 微胖穿搭, 微胖女孩穿搭, 日常穿搭, 微胖辣妹",0,12
59124ed350c4b429bae8bee6,64f064b3000000001e0291fc,"173cm/140斤 微胖咋啦！也能很美啊！ 小红书 千金风！这套我真的是很满意了！！整个人又高又瘦的 我很爱谁懂～看不出来我有140斤好吗！微胖梨形姐妹们冲！ #高个子穿搭 #梨形身材穿搭 #显瘦穿搭 #微胖女孩 #微胖 #微胖穿搭 #微胖女孩穿搭 #微胖女孩穿搭 #今日穿搭 #今日穿搭 #秋装 #秋天穿什么 高个子穿搭, 梨形身材穿搭, 显瘦穿搭, 微胖女孩, 微胖, 微胖穿搭, 微胖女孩穿搭, 今日穿搭, 秋装, 秋天穿什么",0,95
59124ed350c4b429bae8bee6,64ef1eab000000001d014bc4,"173cm/140斤 微胖咋啦？也能很美呀！ 小红书 灰色套装真的好高级 是写了麻吉的套装没错了！日常这么穿 简单高级又大气 上班上学真的很合适！！ #梨形身材穿搭 #高个子穿搭 #显瘦穿搭 #微胖 #微胖穿搭 #微胖女孩 #微胖女孩穿搭 #日常穿搭 #高个子微胖穿搭 #OOTd 梨形身材穿搭, 高个子穿搭, 显瘦穿搭, 微胖, 微胖穿搭, 微胖女孩, 微胖女孩穿搭, 日常穿搭, 高个子微胖穿搭, OOTd",0,14
59124ed350c4b429bae8bee6,64e7278b000000000800e82e,"173cm/140斤 微胖女孩:red_exclamation_mark:初恋小白裙来喽:red_exclamation_mark: 小红书 这条真的把我的缺点全部遮住！没想到高个子女孩也能找到长度这么合适的短裙 我真的狂喜！！这条很适合现在这个天气呢～姐妹们冲鸭！ #高个子穿搭 #梨形身材穿搭 #显瘦穿搭 #微胖女孩 #初恋小白裙 #微胖女孩穿搭 #小白裙 #微胖穿搭 #短裙穿搭 #扭一扭 高个子穿搭, 梨形身材穿搭, 显瘦穿搭, 微胖女孩, 初恋小白裙, 微胖女孩穿搭, 小白裙, 微胖穿搭, 短裙穿搭, 扭一扭",0,51
59124ed350c4b429bae8bee6,64e36616000000000c035a2e,"173cm/140斤 无语！谁说微胖不能穿低腰裤啊？ 小红书 微胖姐妹大胆穿啊！！我想穿啥穿啥 #辣妹日记 #辣妹穿搭 #夏日辣妹穿搭 #高个子穿搭 #梨形身材穿搭 #显瘦穿搭 #辣妹穿搭 #微胖穿搭 #微胖女孩穿搭 #辣妹 #穿搭 #微胖女孩穿搭 辣妹日记, 辣妹穿搭, 夏日辣妹穿搭, 高个子穿搭, 梨形身材穿搭, 显瘦穿搭, 微胖穿搭, 微胖女孩穿搭, 辣妹, 穿搭",0,49
59124ed350c4b429bae8bee6,64e1d939000000000b02af46,"173cm/140斤 高胖女孩/早秋百搭碎花裙来啦～ 小红书 这套好韩呐～像韩剧里的欧尼一样～清清爽爽的 喜欢～也很百搭！姐妹们冲！ #梨形身材穿搭 #高个子穿搭 #显瘦穿搭 #碎花裙 #宝藏碎花裙 #碎花裙 #宝藏碎花裙 #气质穿搭 #穿搭 #每日穿搭 #日常穿搭 #7天穿搭不重样 梨形身材穿搭, 高个子穿搭, 显瘦穿搭, 碎花裙, 宝藏碎花裙, 气质穿搭, 穿搭, 每日穿搭, 日常穿搭, 7天穿搭不重样",0,18
59124ed350c4b429bae8bee6,64e0e0f20000000010032172,睡前品味老视频…太辣了 小红书 回味这个妆 谁能告诉我 那是我是怎么画出来的啊！！真的一点印象都没了 （痛苦扭曲打滚 ）#BBW BBW,0,49
59124ed350c4b429bae8bee6,64e0e0f20000000010032172,睡前品味老视频…太辣了 小红书 回味这个妆 谁能告诉我 那是我是怎么画出来的啊！！真的一点印象都没了 （痛苦扭曲打滚 ）#BBW BBW,0,49
59124ed350c4b429bae8bee6,64e0e0f20000000010032172,睡前品味老视频…太辣了 小红书 回味这个妆 谁能告诉我 那是我是怎么画出来的啊！！真的一点印象都没了 （痛苦扭曲打滚 ）#BBW BBW,0,49
59124ed350c4b429bae8bee6,64e08c4c000000000800fc24,"173cm/140斤 高个子女孩/早秋衬衫穿搭来啦～ 小红书 高个子微胖女孩 早秋这么穿真的显瘦呀～瘦瘦高高的！真的很百搭～外套风衣/西装都很合适～姐妹们冲！ #高个子穿搭 #梨形身材穿搭 #显瘦穿搭 #穿搭 #夏季穿搭 #气质穿搭 #日常穿搭 #日常穿搭 高个子穿搭, 梨形身材穿搭, 显瘦穿搭, 穿搭, 夏季穿搭, 气质穿搭, 日常穿搭",0,40
59124ed350c4b429bae8bee6,64df3b71000000000103e31e,"173cm/140斤 随性慵懒/这套氛围感绝啦～ 小红书 这套真的好慵懒姐妹们～是我们微胖女孩都能驾驭的宽松裙子了～ #高个子穿搭 #梨形身材穿搭 #显瘦穿搭 #氛围感 #梨形身材穿搭#温柔穿搭 高个子穿搭, 梨形身材穿搭, 显瘦穿搭, 氛围感, 温柔穿搭",0,15
59124ed350c4b429bae8bee6,64de0575000000000c034706,"173cm/140斤 开学穿新衣！学院风穿搭来啦～ 小红书 这套太适合微胖妹妹们开学穿啦～姐姐浅浅装个嫩⑧～哈哈哈哈 #高个子穿搭 #梨形身材穿搭 #显瘦穿搭 #穿搭 #学院风 #开学穿搭 #秋季穿搭 #日常穿搭 #ootd每日穿搭 #下期想看啥 高个子穿搭, 梨形身材穿搭, 显瘦穿搭, 穿搭, 学院风, 开学穿搭, 秋季穿搭, 日常穿搭, ootd每日穿搭, 下期想看啥",0,40
59124ed350c4b429bae8bee6,64de0575000000000c034706,"173cm/140斤 开学穿新衣！学院风穿搭来啦～ 小红书 这套太适合微胖妹妹们开学穿啦～姐姐浅浅装个嫩⑧～哈哈哈哈 #高个子穿搭 #梨形身材穿搭 #显瘦穿搭 #穿搭 #学院风 #开学穿搭 #秋季穿搭 #日常穿搭 #ootd每日穿搭 #下期想看啥 高个子穿搭, 梨形身材穿搭, 显瘦穿搭, 穿搭, 学院风, 开学穿搭, 秋季穿搭, 日常穿搭, ootd每日穿搭, 下期想看啥",0,15
59124ed350c4b429bae8bee6,64db75cd000000000c035d55,"173cm/142斤 谁穿谁美:red_exclamation_mark:港风美女出现:red_exclamation_mark: 小红书 真的好显瘦呀 而且超级气质的一套 不用想搭配 省心省力:red_exclamation_mark:上身一秒变身港风美女:red_exclamation_mark:配红色包包真的绝了:red_exclamation_mark: #高个子穿搭 #梨形身材穿搭 #显瘦穿搭 #港风 #复古港风 #气质美女 #穿搭 #高个子大骨架微胖女生 #微胖女孩 #微胖女孩穿搭 高个子穿搭, 梨形身材穿搭, 显瘦穿搭, 港风, 复古港风, 气质美女, 穿搭, 高个子大骨架微胖女生, 微胖女孩, 微胖女孩穿搭",0,15
59124ed350c4b429bae8bee6,64d9dda1000000001700fca3,"173cm/142斤 微胖姐妹/超有质感小裙子来啦～ 小红书 这条我取名：贵气姐姐套装 一套真的超级有质感～ 是贵气姐姐出门会穿的衣服了～ #高个子穿搭 #梨形身材穿搭 #显瘦穿搭 #夏天穿裙子 #神仙裙子 #好看的裙子 #日常穿搭 #气质穿搭 #穿搭 高个子穿搭, 梨形身材穿搭, 显瘦穿搭, 夏天穿裙子, 神仙裙子, 好看的裙子, 日常穿搭, 气质穿搭, 穿搭",0,49
59124ed350c4b429bae8bee6,64dcac7b000000000301c7b9,"173cm/140斤 微胖女孩/秋冬赫本风穿搭来喽～ 小红书 微胖女孩真的好适合这种小裙子哦～一整套真的被优雅高级住了～秋冬搭配小皮鞋真的太合适喽！！ #法式连衣裙 #小众设计感裙子推荐 #高个子穿搭 #梨形身材穿搭 #显瘦穿搭 #显瘦A字裙穿搭 #温柔穿搭 #高级感穿搭 法式连衣裙, 小众设计感裙子推荐, 高个子穿搭, 梨形身材穿搭, 显瘦穿搭, 显瘦A字裙穿搭, 温柔穿搭, 高级感穿搭",0,15
59124ed350c4b429bae8bee6,64d4b52c000000001701a099,"173cm/142斤 巨巨巨显瘦的小黑裙来啦～ 小红书 微胖女孩真的要拥有一条小黑裙 #高个子穿搭 #梨形身材穿搭 #显瘦穿搭 #小黑裙 #微胖女孩穿搭 #微胖穿搭 #黑色连衣裙穿搭 高个子穿搭, 梨形身材穿搭, 显瘦穿搭, 小黑裙, 微胖女孩穿搭, 微胖穿搭, 黑色连衣裙穿搭",0,49
59124ed350c4b429bae8bee6,64d37cfb000000000b028db2,"173cm/142斤 废土风新中式！真是太酷啦！ 小红书 好有个性的一套！真的爱了爱了！蛮有个性的～ #新中式穿搭 #大码显瘦 #大码女装 #高个子穿搭 #梨形身材穿搭 #显瘦穿搭 #每日穿搭 #微胖女生穿搭 #微胖女孩 新中式穿搭, 大码显瘦, 大码女装, 高个子穿搭, 梨形身材穿搭, 显瘦穿搭, 每日穿搭, 微胖女生穿搭, 微胖女孩",0,49
59124ed350c4b429bae8bee6,64d37cfb000000000b028db2,"173cm/142斤 废土风新中式！真是太酷啦！ 小红书 好有个性的一套！真的爱了爱了！蛮有个性的～ #新中式穿搭 #大码显瘦 #大码女装 #高个子穿搭 #梨形身材穿搭 #显瘦穿搭 #每日穿搭 #微胖女生穿搭 #微胖女孩 新中式穿搭, 大码显瘦, 大码女装, 高个子穿搭, 梨形身材穿搭, 显瘦穿搭, 每日穿搭, 微胖女生穿搭, 微胖女孩",0,88
59124ed350c4b429bae8bee6,64d0bbcf000000001700f15d,"173cm/145斤 5G入秋/秋天的第一条小裙子:red_exclamation_mark: 小红书 这条颜色我太喜欢啦 而且收腰真的很漂亮～袖子做的很特别 好喜欢:smiling_face_with_heart-eyes: #高个子穿搭 #梨形身材穿搭 #显瘦穿搭 #5G入秋 #好看的裙子 #神仙裙子 #神仙裙子 #夏天穿裙子 #微胖女生穿搭 高个子穿搭, 梨形身材穿搭, 显瘦穿搭, 5G入秋, 好看的裙子, 神仙裙子, 夏天穿裙子, 微胖女生穿搭",0,51
59124ed350c4b429bae8bee6,64cb392600000000170192a9,"173cm/145斤 微胖女孩:girl_light_skin_tone:浅浅期待下秋冬吧 小红书 姐妹们～反季买毛衣真的太香啦！上身一秒感觉 嗯？我最近瘦了吗？（实际上没有）遇到版型好的衣服真的很香～ 脖子上的项链最近很爱！是本珍珠大户最近的心头好了！！尊嘟很高级～ #高个子穿搭 #梨形身材穿搭 #显瘦穿搭 #微胖女孩 #微胖女孩穿搭 #日常穿搭 高个子穿搭, 梨形身材穿搭, 显瘦穿搭, 微胖女孩, 微胖女孩穿搭, 日常穿搭",0,11
59124ed350c4b429bae8bee6,64c79452000000000103e45b,"173cm/145斤 微胖姐妹真的太适合港风啦:red_exclamation_mark::red_exclamation_mark: 小红书 姐妹们都去试试看这套港风套装 真滴很有味道～ 很适合上班通勤呢～明艳大美女的既视感～微胖女生也能很复古港风呀～ #高个子穿搭 #梨形身材穿搭 #显瘦穿搭 #港风 #微胖女孩 #微胖穿搭 #复古 高个子穿搭, 梨形身材穿搭, 显瘦穿搭, 港风, 微胖女孩, 微胖穿搭, 复古",0,49
58a03ed182ec397e60564cca,666904a2000000000e032f17,好喜欢我的小黑裙！！ 小红书 nan nan,1,3
58a03ed182ec397e60564cca,6655ec250000000005004f4f,10图｜近期穿衣实录 小红书 nan nan,13,87
58a03ed182ec397e60564cca,6651f17f0000000005006624,white完全是我的菜！！ 小红书 nan nan,1,3
58a03ed182ec397e60564cca,6648b8ac0000000016011842,上短下长太显比例好啦！！ 小红书 nan nan,1,99
58a03ed182ec397e60564cca,66445574000000001e03b8a6,被这个梅子粉美到了啊啊！！ 小红书 真的好提气色 nan,10,3
58a03ed182ec397e60564cca,663b145a000000001e034df2,啊啊好喜欢这条蓝色裙子！！ 小红书 nan nan,1,3
58a03ed182ec397e60564cca,6638d0a2000000001e0350e0,被这条小黑裙美到了啊啊！！ 小红书 nan nan,1,3
58a03ed182ec397e60564cca,6637806e000000001e033ab2,被这条裙子美到了啊啊！！实话！！ 小红书 nan nan,1,3
58a03ed182ec397e60564cca,662de7bf0000000001033e16,好喜欢！！轻熟知性的感觉 小红书 nan nan,6,3
58a03ed182ec397e60564cca,6620b65a000000000401b08f,亮眼又复古！！ 小红书 nan nan,1,99
58a03ed182ec397e60564cca,661f6441000000000103367e,:white_heart:all white 清冷文艺 小红书 nan nan,16,3
58a03ed182ec397e60564cca,661cc541000000001a012b92,去年的衣服今年还是喜欢！！ 小红书 nan nan,1,63
58a03ed182ec397e60564cca,6618cddd000000001a0108ba,啊啊好喜欢！！简约气质完全是我的风格 小红书 nan nan,6,63
58a03ed182ec397e60564cca,661602ed000000001a00de70,:swan:好乖好可爱！！ 小红书 nan nan,12,3
58a03ed182ec397e60564cca,660ea1ef000000001a014f39,俏皮又可爱啊啊！！ 小红书 nan nan,1,99
58a03ed182ec397e60564cca,65eeffa10000000012021f02,简单干净 完全是我的风格 小红书 nan nan,9,92
58a03ed182ec397e60564cca,65e8639900000000030376b6,"等一个好天气出去走走:person_running: 小红书 #冲锋防晒衣 #防晒衣穿搭 冲锋防晒衣, 防晒衣穿搭",0,63
58a03ed182ec397e60564cca,65d977cf0000000007024bd9,不是这也太miu了吧！！ 小红书 nan nan,1,63
58a03ed182ec397e60564cca,65b49ff6000000002b03fa76,:ewe:啊啊好暖好可爱的羊咩咩！！ 小红书 nan nan,6,32
58a03ed182ec397e60564cca,65a39765000000001102ec5a,:water_wave:干净又清澈的蓝色 小红书 nan nan,12,63
58a03ed182ec397e60564cca,65a2464a000000001d0248c6,iphoneX！我与你相见恨晚 小红书 nan nan,10,83
58a03ed182ec397e60564cca,65900cf30000000011014d20,啊啊好喜欢！！完全是我的风格 小红书 内搭就很我 nan,10,13
58a03ed182ec397e60564cca,65857e8300000000380201b3,啊啊好喜欢！！完全是我的风格 小红书 简单又气质 nan,10,13
58a03ed182ec397e60564cca,6576fe5b000000003c011041,18图不够发！！冬天好看日常实穿合集 小红书 nan nan,13,63
58a03ed182ec397e60564cca,65745cac0000000038025ba4,:snowman_without_snow:怕冷星人准备过冬了～ 小红书 nan nan,16,13
58a03ed182ec397e60564cca,6555af3f0000000032006ee4,啊啊好喜欢！！超级百搭的一件鹅绒羽绒服 小红书 #艾莱依 艾莱依,8,13
58a03ed182ec397e60564cca,653ca34a000000001e03ff39,啊啊好喜欢！！复古又优雅 小红书 nan nan,6,63
58a03ed182ec397e60564cca,652e2245000000001f007ca5,啊啊好喜欢！！可以穿很久的好质感黑色大衣 小红书 nan nan,10,63
58a03ed182ec397e60564cca,6523f8af000000001e00caea,好喜欢美式学院风！！ 小红书 nan nan,1,63
58a03ed182ec397e60564cca,65151b3b000000001e02f5bd,近期喜欢的好看日常实穿合集！ 小红书 谁懂！尊嘟太喜欢秋天啦 nan,10,63
58a03ed182ec397e60564cca,6502a39b000000001e03dafa,好喜欢千金学院风！！ 小红书 nan nan,1,63
58a03ed182ec397e60564cca,64fc0a15000000001f03a266,温柔懒懒的初秋 小红书 nan nan,9,92
58a03ed182ec397e60564cca,64e988ad000000001701bb6a,风里有了秋天的味道 小红书 nan nan,9,63
58a03ed182ec397e60564cca,64e58f690000000003023124,:whale: 简单干净的气质 小红书 nan nan,12,63
58a03ed182ec397e60564cca,64cc835c0000000010030bd6,:jeans: 牛仔裤就很显腿长啊 小红书 nan nan,12,99
58a03ed182ec397e60564cca,64c348cc000000001201b867,:fallen_leaf:慵懒随意的初秋氛围 小红书 nan nan,11,99
58a03ed182ec397e60564cca,64a22fd900000000130012a6,好喜欢我的小白裙！！ 小红书 nan nan,1,51
58a03ed182ec397e60564cca,6496523000000000270036b1,休闲自在 随意穿穿 小红书 显高显比例好 实话！ nan,10,3
58a03ed182ec397e60564cca,648bc19c0000000027002a5d,干干净净 小红书 nan nan,9,99
58a03ed182ec397e60564cca,647d3eaa0000000013037dab,干干净净的奶油色系:bagel: 小红书 nan nan,12,3
5b287ba611be102bd290b2ff,66500df1000000001401ba48,黑色上衣:plus:小白裙 一套好有学院少年感！！:teddy_bear: 小红书 nan nan,3,38
5b287ba611be102bd290b2ff,66500df1000000001401ba48,黑色上衣:plus:小白裙 一套好有学院少年感！！:teddy_bear: 小红书 nan nan,3,38
5b287ba611be102bd290b2ff,664d58f1000000001401bdec,格子套装:plus:链条包 一套韩系氛围感满满！！:teddy_bear: 小红书 nan nan,3,97
5b287ba611be102bd290b2ff,664d58f1000000001401bdec,格子套装:plus:链条包 一套韩系氛围感满满！！:teddy_bear: 小红书 nan nan,3,97
5b287ba611be102bd290b2ff,664c05140000000005007dec,蝴蝶上衣:plus:蛋糕裙 一套甜妹少女感满满！！:teddy_bear: 小红书 nan nan,3,97
5b287ba611be102bd290b2ff,664c05140000000005007dec,蝴蝶上衣:plus:蛋糕裙 一套甜妹少女感满满！！:teddy_bear: 小红书 nan nan,3,97
5b287ba611be102bd290b2ff,664aa6a80000000005006db6,挂脖连衣裙:plus:帆布包 一套好有夏日氛围感！！:teddy_bear: 小红书 nan nan,3,61
5b287ba611be102bd290b2ff,664aa6a80000000005006db6,挂脖连衣裙:plus:帆布包 一套好有夏日氛围感！！:teddy_bear: 小红书 nan nan,3,61
5b287ba611be102bd290b2ff,6649f1780000000005004e5a,镂空开衫:plus:粉色吊带裙 一套韩系氛围感满满:teddy_bear: 小红书 nan nan,15,97
5b287ba611be102bd290b2ff,6649f1780000000005004e5a,镂空开衫:plus:粉色吊带裙 一套韩系氛围感满满:teddy_bear: 小红书 nan nan,15,97
5b287ba611be102bd290b2ff,66401dd6000000001e033088,罩衫:plus:短裙 一套好有韩系氛围感！！:teddy_bear: 小红书 nan nan,3,38
5b287ba611be102bd290b2ff,66401dd6000000001e033088,罩衫:plus:短裙 一套好有韩系氛围感！！:teddy_bear: 小红书 nan nan,3,38
5b287ba611be102bd290b2ff,663d7264000000001e036fad,挂脖连衣裙:plus:小白鞋 一套夏日氛围感满满！！:teddy_bear: 小红书 nan nan,3,97
5b287ba611be102bd290b2ff,663d7264000000001e036fad,挂脖连衣裙:plus:小白鞋 一套夏日氛围感满满！！:teddy_bear: 小红书 nan nan,3,97
5b287ba611be102bd290b2ff,663ad925000000001e03bfe6,吊带:plus:破洞短裙 一套甜酷少女感满满！！:teddy_bear: 小红书 nan nan,3,38
5b287ba611be102bd290b2ff,663ad925000000001e03bfe6,吊带:plus:破洞短裙 一套甜酷少女感满满！！:teddy_bear: 小红书 nan nan,3,38
5b287ba611be102bd290b2ff,66323273000000001e031734,蓝色上衣:plus:蛋糕裙 一套甜妹少女感满满！！:teddy_bear: 小红书 nan nan,3,38
5b287ba611be102bd290b2ff,66323273000000001e031734,蓝色上衣:plus:蛋糕裙 一套甜妹少女感满满！！:teddy_bear: 小红书 nan nan,3,38
5b287ba611be102bd290b2ff,66318c88000000001e032420,蓝色格子裙:plus:黄色帆布包 甜妹氛围感满满！！:teddy_bear: 小红书 nan nan,3,98
5b287ba611be102bd290b2ff,662ef3210000000001004329,灰色上衣:plus:蛋糕裙 一套韩系学院感满满！！:teddy_bear: 小红书 nan nan,3,98
5b287ba611be102bd290b2ff,662ce6d20000000001030df3,格子吊带裙:plus:喇叭裤 一套韩系氛围感满满！:teddy_bear: 小红书 nan nan,3,38
5b287ba611be102bd290b2ff,662ce6d20000000001030df3,格子吊带裙:plus:喇叭裤 一套韩系氛围感满满！:teddy_bear: 小红书 nan nan,3,97
5b287ba611be102bd290b2ff,6629a2760000000001030a1e,衬衫:plus:短裙 一套韩系学院感满满！！:Japanese_acceptable_button: 小红书 nan nan,5,38
5b287ba611be102bd290b2ff,6628afee0000000001030505,挂脖衬衫裙:plus:银色小皮鞋 夏日氛围感满满！！:teddy_bear: 小红书 nan nan,3,38
5b287ba611be102bd290b2ff,6628afee0000000001030505,挂脖衬衫裙:plus:银色小皮鞋 夏日氛围感满满！！:teddy_bear: 小红书 nan nan,3,97
5b287ba611be102bd290b2ff,662746570000000004018d26,红色小开衫:plus:碎花裙 一套夏季氛围感满满！:strawberry: 小红书 nan nan,7,38
5b287ba611be102bd290b2ff,662746570000000004018d26,红色小开衫:plus:碎花裙 一套夏季氛围感满满！:strawberry: 小红书 nan nan,7,38
5b287ba611be102bd290b2ff,6625d9b10000000001032174,黄色上衣:plus:碎花蛋糕裙 一套夏日氛围感满满:teddy_bear: 小红书 nan nan,3,97
5b287ba611be102bd290b2ff,6625d9b10000000001032174,黄色上衣:plus:碎花蛋糕裙 一套夏日氛围感满满:teddy_bear: 小红书 nan nan,3,97
5b287ba611be102bd290b2ff,6621bd3d000000000401abcc,镂空开衫:plus:微喇裤 一套好有夏日甜酷氛围感:teddy_bear: 小红书 nan nan,15,38
5b287ba611be102bd290b2ff,6621bd3d000000000401abcc,镂空开衫:plus:微喇裤 一套好有夏日甜酷氛围感:teddy_bear: 小红书 nan nan,15,38
5b287ba611be102bd290b2ff,66188f58000000001a0143b1,防晒外套:plus:蛋糕裙 一套夏日氛围感满满！！:teddy_bear: 小红书 nan nan,3,38
5b287ba611be102bd290b2ff,6614e2d1000000001a013ddf,短上衣:plus:工装裤 一套美式复古感满满！！:teddy_bear: 小红书 nan nan,3,38
5b287ba611be102bd290b2ff,6614e2d1000000001a013ddf,短上衣:plus:工装裤 一套美式复古感满满！！:teddy_bear: 小红书 nan nan,3,14
5b287ba611be102bd290b2ff,6614e2d1000000001a013ddf,短上衣:plus:工装裤 一套美式复古感满满！！:teddy_bear: 小红书 nan nan,3,11
5b287ba611be102bd290b2ff,6614e2d1000000001a013ddf,短上衣:plus:工装裤 一套美式复古感满满！！:teddy_bear: 小红书 nan nan,3,38
5b287ba611be102bd290b2ff,6614e2d1000000001a013ddf,短上衣:plus:工装裤 一套美式复古感满满！！:teddy_bear: 小红书 nan nan,3,14
5b287ba611be102bd290b2ff,6614e2d1000000001a013ddf,短上衣:plus:工装裤 一套美式复古感满满！！:teddy_bear: 小红书 nan nan,3,11
5b287ba611be102bd290b2ff,6611f31c000000001a011c02,冲锋衣:plus:衬衫:plus:短裙 学院风才是yyds！！:Japanese_acceptable_button: 小红书 nan nan,5,38
5b287ba611be102bd290b2ff,6611e23d000000001a01619e,吊带裙:plus:牛仔裤 叠穿好有夏季氛围感！！:teddy_bear: 小红书 nan nan,3,97
5b287ba611be102bd290b2ff,6611e23d000000001a01619e,吊带裙:plus:牛仔裤 叠穿好有夏季氛围感！！:teddy_bear: 小红书 nan nan,3,97
5b287ba611be102bd290b2ff,6610a0cd000000001a01219b,吊带裙:plus:喇叭裤 叠穿好有夏日氛围感！:teddy_bear: 小红书 nan nan,3,98
5b287ba611be102bd290b2ff,6610a0cd000000001a01219b,吊带裙:plus:喇叭裤 叠穿好有夏日氛围感！:teddy_bear: 小红书 nan nan,3,98
5b287ba611be102bd290b2ff,660ce804000000001a013ea9,开衫:plus:吊带:plus:蛋糕裙 一套春夏氛围感满满！:teddy_bear: 小红书 nan nan,15,38
5b287ba611be102bd290b2ff,660ce804000000001a013ea9,开衫:plus:吊带:plus:蛋糕裙 一套春夏氛围感满满！:teddy_bear: 小红书 nan nan,15,38
5b287ba611be102bd290b2ff,66063402000000001a0124d6,小白裙:plus:粉色云朵包 一套好有夏日甜妹感！！:teddy_bear: 小红书 nan nan,3,38
5b287ba611be102bd290b2ff,65fea28a0000000012023dce,黄色上衣:plus:格纹短裙 美式复古学院感满满！！:teddy_bear: 小红书 nan nan,3,38
5b287ba611be102bd290b2ff,65fea28a0000000012023dce,黄色上衣:plus:格纹短裙 美式复古学院感满满！！:teddy_bear: 小红书 nan nan,3,97
5b287ba611be102bd290b2ff,65fea28a0000000012023dce,黄色上衣:plus:格纹短裙 美式复古学院感满满！！:teddy_bear: 小红书 nan nan,3,38
5b287ba611be102bd290b2ff,65fea28a0000000012023dce,黄色上衣:plus:格纹短裙 美式复古学院感满满！！:teddy_bear: 小红书 nan nan,3,97
5b287ba611be102bd290b2ff,65f64165000000001202072f,海军领小白裙:plus:南瓜裤一套温柔学院感满满！:teddy_bear: 小红书 nan nan,3,98
5b287ba611be102bd290b2ff,65f64165000000001202072f,海军领小白裙:plus:南瓜裤一套温柔学院感满满！:teddy_bear: 小红书 nan nan,3,97
5b287ba611be102bd290b2ff,65f64165000000001202072f,海军领小白裙:plus:南瓜裤一套温柔学院感满满！:teddy_bear: 小红书 nan nan,3,98
5b287ba611be102bd290b2ff,65f64165000000001202072f,海军领小白裙:plus:南瓜裤一套温柔学院感满满！:teddy_bear: 小红书 nan nan,3,97
5b287ba611be102bd290b2ff,65ecfa2f0000000004001066,波点上衣:plus:蛋糕裙 一套元气少女感满满！！:teddy_bear: 小红书 nan nan,3,38
5b287ba611be102bd290b2ff,65e48bcf0000000004001486,紫色连衣裙泰适合春天啦！狠狠拿捏住！！:ribbon: 小红书 nan nan,7,98
5b287ba611be102bd290b2ff,65e48bcf0000000004001486,紫色连衣裙泰适合春天啦！狠狠拿捏住！！:ribbon: 小红书 nan nan,7,98
5b287ba611be102bd290b2ff,65e1ed560000000004000d75,衬衫:plus:背带裙 一套韩系学院感满满！！:teddy_bear: 小红书 nan nan,3,98
5b287ba611be102bd290b2ff,65e1ed560000000004000d75,衬衫:plus:背带裙 一套韩系学院感满满！！:teddy_bear: 小红书 nan nan,3,98
5b287ba611be102bd290b2ff,65d1622d000000002d000e2f,奶黄外套:plus:蛋糕裙 一套元气少女感满满！！:Japanese_acceptable_button: 小红书 nan nan,5,38
5b287ba611be102bd290b2ff,65d1622d000000002d000e2f,奶黄外套:plus:蛋糕裙 一套元气少女感满满！！:Japanese_acceptable_button: 小红书 nan nan,5,81
5b287ba611be102bd290b2ff,65d1622d000000002d000e2f,奶黄外套:plus:蛋糕裙 一套元气少女感满满！！:Japanese_acceptable_button: 小红书 nan nan,5,38
5b287ba611be102bd290b2ff,65d1622d000000002d000e2f,奶黄外套:plus:蛋糕裙 一套元气少女感满满！！:Japanese_acceptable_button: 小红书 nan nan,5,81
5b287ba611be102bd290b2ff,65ccd206000000000700623b,彩虹毛衣:plus:蛋糕裙 早春韩系氛围感满满！！:Japanese_acceptable_button: 小红书 nan nan,5,38
5b287ba611be102bd290b2ff,65ccd206000000000700623b,彩虹毛衣:plus:蛋糕裙 早春韩系氛围感满满！！:Japanese_acceptable_button: 小红书 nan nan,5,97
5b287ba611be102bd290b2ff,65ccd206000000000700623b,彩虹毛衣:plus:蛋糕裙 早春韩系氛围感满满！！:Japanese_acceptable_button: 小红书 nan nan,5,97
5b287ba611be102bd290b2ff,65ccd206000000000700623b,彩虹毛衣:plus:蛋糕裙 早春韩系氛围感满满！！:Japanese_acceptable_button: 小红书 nan nan,5,38
5b287ba611be102bd290b2ff,65ccd206000000000700623b,彩虹毛衣:plus:蛋糕裙 早春韩系氛围感满满！！:Japanese_acceptable_button: 小红书 nan nan,5,97
5b287ba611be102bd290b2ff,65ccd206000000000700623b,彩虹毛衣:plus:蛋糕裙 早春韩系氛围感满满！！:Japanese_acceptable_button: 小红书 nan nan,5,97
5b287ba611be102bd290b2ff,65bee4f4000000002c036069,毛衣:plus:小白裙 叠穿好有韩系少女感！！:teddy_bear: 小红书 nan nan,3,11
5b287ba611be102bd290b2ff,65bee4f4000000002c036069,毛衣:plus:小白裙 叠穿好有韩系少女感！！:teddy_bear: 小红书 nan nan,3,11
5b287ba611be102bd290b2ff,65bb22eb000000002c03eb3b,卫衣开衫:plus:短裙 简简单单才最好看！！:Japanese_acceptable_button: 小红书 nan nan,5,81
5b287ba611be102bd290b2ff,65bb22eb000000002c03eb3b,卫衣开衫:plus:短裙 简简单单才最好看！！:Japanese_acceptable_button: 小红书 nan nan,5,81
5b287ba611be102bd290b2ff,65bb22eb000000002c03eb3b,卫衣开衫:plus:短裙 简简单单才最好看！！:Japanese_acceptable_button: 小红书 nan nan,5,81
5b287ba611be102bd290b2ff,65bb22eb000000002c03eb3b,卫衣开衫:plus:短裙 简简单单才最好看！！:Japanese_acceptable_button: 小红书 nan nan,5,81
5b287ba611be102bd290b2ff,65b99f21000000002c0360cc,灰色针织衫:plus:短裙 一套好有韩系学院感！！:teddy_bear: 小红书 nan nan,3,38
5b287ba611be102bd290b2ff,65b99f21000000002c0360cc,灰色针织衫:plus:短裙 一套好有韩系学院感！！:teddy_bear: 小红书 nan nan,3,38
5b287ba611be102bd290b2ff,65b4d475000000002d003ca3,蓝色外套:plus:毛衣:plus:喇叭裤 叠穿才是yyds！！:Japanese_acceptable_button: 小红书 nan nan,5,32
5b287ba611be102bd290b2ff,65b4d475000000002d003ca3,蓝色外套:plus:毛衣:plus:喇叭裤 叠穿才是yyds！！:Japanese_acceptable_button: 小红书 nan nan,5,32
5b287ba611be102bd290b2ff,65b34fe8000000002c016484,毛衣:plus:短裙:plus:小皮鞋 一套好有早春学院感！！:teddy_bear: 小红书 nan nan,15,38
5b287ba611be102bd290b2ff,65b34fe8000000002c016484,毛衣:plus:短裙:plus:小皮鞋 一套好有早春学院感！！:teddy_bear: 小红书 nan nan,15,38
5b287ba611be102bd290b2ff,65b34fe8000000002c016484,毛衣:plus:短裙:plus:小皮鞋 一套好有早春学院感！！:teddy_bear: 小红书 nan nan,15,38
5b287ba611be102bd290b2ff,65b34fe8000000002c016484,毛衣:plus:短裙:plus:小皮鞋 一套好有早春学院感！！:teddy_bear: 小红书 nan nan,15,38
5b287ba611be102bd290b2ff,65b3091d000000002c03e7b7,蓝色毛衣:plus:吊带裙:plus:喇叭裤 叠穿才是yyds！！:teddy_bear: 小红书 nan nan,15,81
5b287ba611be102bd290b2ff,65b3091d000000002c03e7b7,蓝色毛衣:plus:吊带裙:plus:喇叭裤 叠穿才是yyds！！:teddy_bear: 小红书 nan nan,15,81
5b287ba611be102bd290b2ff,65b0a4c4000000002d0010b8,毛衣开衫:plus:衬衫:plus:短裙 一套韩系学院感满满！:teddy_bear: 小红书 nan nan,15,11
5b287ba611be102bd290b2ff,65b0a4c4000000002d0010b8,毛衣开衫:plus:衬衫:plus:短裙 一套韩系学院感满满！:teddy_bear: 小红书 nan nan,15,11
5b287ba611be102bd290b2ff,65a33ce2000000001a0003a3,开衫:plus:短裙好乖 一套校园少女感满满！！:teddy_bear: 小红书 nan nan,3,81
5b287ba611be102bd290b2ff,65a33ce2000000001a0003a3,开衫:plus:短裙好乖 一套校园少女感满满！！:teddy_bear: 小红书 nan nan,3,38
5b287ba611be102bd290b2ff,65a33ce2000000001a0003a3,开衫:plus:短裙好乖 一套校园少女感满满！！:teddy_bear: 小红书 nan nan,3,81
5b287ba611be102bd290b2ff,65a33ce2000000001a0003a3,开衫:plus:短裙好乖 一套校园少女感满满！！:teddy_bear: 小红书 nan nan,3,81
5b287ba611be102bd290b2ff,65a33ce2000000001a0003a3,开衫:plus:短裙好乖 一套校园少女感满满！！:teddy_bear: 小红书 nan nan,3,38
5b287ba611be102bd290b2ff,65a33ce2000000001a0003a3,开衫:plus:短裙好乖 一套校园少女感满满！！:teddy_bear: 小红书 nan nan,3,81
5b287ba611be102bd290b2ff,65a1eda9000000001d037ead,羽绒服:plus:衬衫 一套校园少女感满满！！:ribbon: 小红书 nan nan,7,81
5b287ba611be102bd290b2ff,659df905000000001d0307b1,碎花棉服:plus:吊带裙:plus:喇叭裤 叠穿才是yyds！！:teddy_bear: 小红书 nan nan,15,81
5b287ba611be102bd290b2ff,659df905000000001d0307b1,碎花棉服:plus:吊带裙:plus:喇叭裤 叠穿才是yyds！！:teddy_bear: 小红书 nan nan,15,81
5b287ba611be102bd290b2ff,659903f500000000150002db,开衫:plus:蛋糕裙好甜 一套校园少女感满满！:Japanese_acceptable_button: 小红书 nan nan,5,97
5b287ba611be102bd290b2ff,659903f500000000150002db,开衫:plus:蛋糕裙好甜 一套校园少女感满满！:Japanese_acceptable_button: 小红书 nan nan,5,97
5b287ba611be102bd290b2ff,659427ab000000001d017e68,灰色针织衫:plus:马甲:plus:长靴 好有冬季氛围感！！:teddy_bear: 小红书 nan nan,15,81
5b287ba611be102bd290b2ff,659427ab000000001d017e68,灰色针织衫:plus:马甲:plus:长靴 好有冬季氛围感！！:teddy_bear: 小红书 nan nan,15,81
5b287ba611be102bd290b2ff,658fc93d000000001101420f,毛绒外套:plus:短裙:plus:中筒靴 好有冬日氛围感！:teddy_bear: 小红书 nan nan,15,81
5b287ba611be102bd290b2ff,658fc93d000000001101420f,毛绒外套:plus:短裙:plus:中筒靴 好有冬日氛围感！:teddy_bear: 小红书 nan nan,15,81
5b287ba611be102bd290b2ff,658d0237000000001101d032,海军领羊羔毛:plus:jk格裙好乖 学院风yyds！:teddy_bear: 小红书 nan nan,15,81
5b287ba611be102bd290b2ff,658d0237000000001101d032,海军领羊羔毛:plus:jk格裙好乖 学院风yyds！:teddy_bear: 小红书 nan nan,15,81
5b287ba611be102bd290b2ff,6588ebe6000000001502f89b,粉色麂皮绒:plus:衬衫:plus:短裙 学院风才是yyds！！:Japanese_acceptable_button: 小红书 nan nan,5,21
5b287ba611be102bd290b2ff,6588ebe6000000001502f89b,粉色麂皮绒:plus:衬衫:plus:短裙 学院风才是yyds！！:Japanese_acceptable_button: 小红书 nan nan,5,21
5b287ba611be102bd290b2ff,6584fd08000000003c011bac,黄色羽绒服:plus:短裙好甜～太有冬日氛围感啦！:Japanese_acceptable_button: 小红书 nan nan,5,81
5b287ba611be102bd290b2ff,6584fd08000000003c011bac,黄色羽绒服:plus:短裙好甜～太有冬日氛围感啦！:Japanese_acceptable_button: 小红书 nan nan,5,81
5b287ba611be102bd290b2ff,657ee75e000000003802dc26,粉色毛毛麂皮绒:plus:短裙好甜 好有冬日氛围感:teddy_bear: 小红书 nan nan,15,81
5b287ba611be102bd290b2ff,657ee75e000000003802dc26,粉色毛毛麂皮绒:plus:短裙好甜 好有冬日氛围感:teddy_bear: 小红书 nan nan,15,81
5b287ba611be102bd290b2ff,657d7ebf0000000038023198,粉色麂皮绒:plus:短裙好甜～好有冬季氛围感:teddy_bear: 小红书 nan nan,15,81
5b287ba611be102bd290b2ff,657d7ebf0000000038023198,粉色麂皮绒:plus:短裙好甜～好有冬季氛围感:teddy_bear: 小红书 nan nan,15,81
5b287ba611be102bd290b2ff,657a7b0d000000001502e50a,粉色小狗毛衣:plus:短裙太甜啦！少女感满满～:Japanese_acceptable_button: 小红书 nan nan,5,81
5b287ba611be102bd290b2ff,657a7b0d000000001502e50a,粉色小狗毛衣:plus:短裙太甜啦！少女感满满～:Japanese_acceptable_button: 小红书 nan nan,5,35
5b287ba611be102bd290b2ff,657a7b0d000000001502e50a,粉色小狗毛衣:plus:短裙太甜啦！少女感满满～:Japanese_acceptable_button: 小红书 nan nan,5,81
5b287ba611be102bd290b2ff,657a7b0d000000001502e50a,粉色小狗毛衣:plus:短裙太甜啦！少女感满满～:Japanese_acceptable_button: 小红书 nan nan,5,81
5b287ba611be102bd290b2ff,657a7b0d000000001502e50a,粉色小狗毛衣:plus:短裙太甜啦！少女感满满～:Japanese_acceptable_button: 小红书 nan nan,5,35
5b287ba611be102bd290b2ff,657a7b0d000000001502e50a,粉色小狗毛衣:plus:短裙太甜啦！少女感满满～:Japanese_acceptable_button: 小红书 nan nan,5,81
5b287ba611be102bd290b2ff,657989d3000000003a00d834,:keycap_9:套冬季羽绒服棉服穿搭合集 小红书 nan nan,4,81
5b287ba611be102bd290b2ff,657989d3000000003a00d834,:keycap_9:套冬季羽绒服棉服穿搭合集 小红书 nan nan,4,81
5b287ba611be102bd290b2ff,657960770000000038030dc9,暖呼呼羊羔毛:plus:短裙好乖 好有冬季氛围感！！:snowflake: 小红书 nan nan,18,81
5b287ba611be102bd290b2ff,657960770000000038030dc9,暖呼呼羊羔毛:plus:短裙好乖 好有冬季氛围感！！:snowflake: 小红书 nan nan,18,81
5b287ba611be102bd290b2ff,6577bf9c000000003c01326f,今天是校园感甜妹穿搭！！ 小红书 nan nan,4,81
5b287ba611be102bd290b2ff,6577bf9c000000003c01326f,今天是校园感甜妹穿搭！！ 小红书 nan nan,4,81
5b287ba611be102bd290b2ff,6575c569000000003403d79c,粉色太有少女感啦！！ 小红书 nan nan,1,98
5b287ba611be102bd290b2ff,6575c569000000003403d79c,粉色太有少女感啦！！ 小红书 nan nan,1,38
5b287ba611be102bd290b2ff,6575c569000000003403d79c,粉色太有少女感啦！！ 小红书 nan nan,1,98
5b287ba611be102bd290b2ff,6575c569000000003403d79c,粉色太有少女感啦！！ 小红书 nan nan,1,38
5b287ba611be102bd290b2ff,6572dbe70000000016006e1f,奶黄包羽绒服也太乖啦！！:Japanese_acceptable_button: 小红书 nan nan,17,81
5b287ba611be102bd290b2ff,6572dbe70000000016006e1f,奶黄包羽绒服也太乖啦！！:Japanese_acceptable_button: 小红书 nan nan,17,81
5b287ba611be102bd290b2ff,6572dbe70000000016006e1f,奶黄包羽绒服也太乖啦！！:Japanese_acceptable_button: 小红书 nan nan,17,81
5b287ba611be102bd290b2ff,6572dbe70000000016006e1f,奶黄包羽绒服也太乖啦！！:Japanese_acceptable_button: 小红书 nan nan,17,81
5b287ba611be102bd290b2ff,657047910000000038032be0,绿色真的太好看啦！！ 小红书 nan nan,1,81
5b287ba611be102bd290b2ff,657047910000000038032be0,绿色真的太好看啦！！ 小红书 nan nan,1,81
5b287ba611be102bd290b2ff,656f312c0000000038021e05,短款羽绒服好乖啊！！:Japanese_acceptable_button: 小红书 nan nan,17,35
5b287ba611be102bd290b2ff,656f312c0000000038021e05,短款羽绒服好乖啊！！:Japanese_acceptable_button: 小红书 nan nan,17,35
5b287ba611be102bd290b2ff,656899e900000000380255bf,紫色pu皮太:Japanese_acceptable_button:啦！！ 小红书 nan nan,17,78
5b287ba611be102bd290b2ff,656899e900000000380255bf,紫色pu皮太:Japanese_acceptable_button:啦！！ 小红书 nan nan,17,78
5b287ba611be102bd290b2ff,656004810000000017037142,白色羽绒服:plus:雪地靴:Japanese_acceptable_button:太有冬日氛围感啦！ 小红书 nan nan,5,81
5b287ba611be102bd290b2ff,656004810000000017037142,白色羽绒服:plus:雪地靴:Japanese_acceptable_button:太有冬日氛围感啦！ 小红书 nan nan,5,81
5b287ba611be102bd290b2ff,655dbb630000000032026b85,这套太有少女感啦！！:Japanese_acceptable_button: 小红书 nan nan,17,35
5b287ba611be102bd290b2ff,655855150000000032003e99,毛茸茸真的好有冬天氛围感！！:snowflake::cheese_wedge: 小红书 nan nan,18,81
5b287ba611be102bd290b2ff,6555992f000000001701fefa,一套套在羽绒服里的好看的内搭～:cherries: 小红书 脱掉羽绒服也要美美哒！！ nan,4,5
5b287ba611be102bd290b2ff,6551ba28000000003103cb31,短款牛角扣大衣太适合小个子啦！！:fallen_leaf::snowflake: 小红书 nan nan,11,81
5b287ba611be102bd290b2ff,6551ba28000000003103cb31,短款牛角扣大衣太适合小个子啦！！:fallen_leaf::snowflake: 小红书 nan nan,11,81
5b287ba611be102bd290b2ff,654f18fc000000001b037b77,棕色短羽绒服太适合冬天啦！！:snowflake: 小红书 nan nan,18,81
5b287ba611be102bd290b2ff,654f18fc000000001b037b77,棕色短羽绒服太适合冬天啦！！:snowflake: 小红书 nan nan,18,81
5b287ba611be102bd290b2ff,654dccd5000000001b00e251,毛衣开衫对小个子也太:Japanese_acceptable_button:啦！！ 小红书 nan nan,17,81
5b287ba611be102bd290b2ff,654af5b100000000200014b5,灰色毛衣:plus:灰色裙子 同色系也太显瘦啦！！:fallen_leaf: 小红书 nan nan,11,81
5b287ba611be102bd290b2ff,654af5b100000000200014b5,灰色毛衣:plus:灰色裙子 同色系也太显瘦啦！！:fallen_leaf: 小红书 nan nan,11,38
5b287ba611be102bd290b2ff,654af5b100000000200014b5,灰色毛衣:plus:灰色裙子 同色系也太显瘦啦！！:fallen_leaf: 小红书 nan nan,11,38
5b287ba611be102bd290b2ff,654af5b100000000200014b5,灰色毛衣:plus:灰色裙子 同色系也太显瘦啦！！:fallen_leaf: 小红书 nan nan,11,81
5b287ba611be102bd290b2ff,654af5b100000000200014b5,灰色毛衣:plus:灰色裙子 同色系也太显瘦啦！！:fallen_leaf: 小红书 nan nan,11,38
5b287ba611be102bd290b2ff,654af5b100000000200014b5,灰色毛衣:plus:灰色裙子 同色系也太显瘦啦！！:fallen_leaf: 小红书 nan nan,11,38
5b287ba611be102bd290b2ff,6549dbd6000000001f035dcd,短款棉服好好看啊～太期待冬天啦！！:snowflake: 小红书 nan nan,18,81
5b287ba611be102bd290b2ff,6549dbd6000000001f035dcd,短款棉服好好看啊～太期待冬天啦！！:snowflake: 小红书 nan nan,18,81
5b287ba611be102bd290b2ff,65449a9b000000001f039eb8,灰色收腰上衣:plus:喇叭裤好绝！太显身材啦！！:fallen_leaf: 小红书 nan nan,11,38
5b287ba611be102bd290b2ff,65449a9b000000001f039eb8,灰色收腰上衣:plus:喇叭裤好绝！太显身材啦！！:fallen_leaf: 小红书 nan nan,11,38
5b287ba611be102bd290b2ff,6542fad4000000001f03adb6,毛衣:plus:蛋糕裙好甜～太有秋冬氛围感啦！！:fallen_leaf: 小红书 nan nan,11,81
5b287ba611be102bd290b2ff,6542fad4000000001f03adb6,毛衣:plus:蛋糕裙好甜～太有秋冬氛围感啦！！:fallen_leaf: 小红书 nan nan,11,81
5b287ba611be102bd290b2ff,652f59390000000020000be0,秋冬的第一件绿色牛角扣大衣！:fallen_leaf: 小红书 nan nan,11,32
5b287ba611be102bd290b2ff,652f59390000000020000be0,秋冬的第一件绿色牛角扣大衣！:fallen_leaf: 小红书 nan nan,11,32
5b287ba611be102bd290b2ff,652a0d90000000001f039530,全黑也好有氛围感！！ 小红书 nan nan,1,40
5b287ba611be102bd290b2ff,652a0d90000000001f039530,全黑也好有氛围感！！ 小红书 nan nan,1,40
5b287ba611be102bd290b2ff,665988af00000000140193c4,花边连衣裙:plus:奶酪包 一套夏日氛围感满满！！:teddy_bear: 小红书 nan nan,3,97
5b287ba611be102bd290b2ff,665988af00000000140193c4,花边连衣裙:plus:奶酪包 一套夏日氛围感满满！！:teddy_bear: 小红书 nan nan,3,97
5b287ba611be102bd290b2ff,66582f7300000000140184e3,奶黄色上衣:plus:短裙 一套夏日甜妹感满满！！:teddy_bear: 小红书 nan nan,3,38
5b287ba611be102bd290b2ff,66582f7300000000140184e3,奶黄色上衣:plus:短裙 一套夏日甜妹感满满！！:teddy_bear: 小红书 nan nan,3,38
5b287ba611be102bd290b2ff,66567e6300000000050050f1,设计感小黑裙:plus:小皮鞋 一套真巨显身材！！:teddy_bear: 小红书 nan nan,3,38
5b287ba611be102bd290b2ff,66567e6300000000050050f1,设计感小黑裙:plus:小皮鞋 一套真巨显身材！！:teddy_bear: 小红书 nan nan,3,38
5b287ba611be102bd290b2ff,6651e22b0000000016012013,衬衫连衣裙:plus:双肩包 学院感满满的一套！！:teddy_bear: 小红书 nan nan,3,38
5b287ba611be102bd290b2ff,6651e22b0000000016012013,衬衫连衣裙:plus:双肩包 学院感满满的一套！！:teddy_bear: 小红书 nan nan,3,38
5b287ba611be102bd290b2ff,651cf07d000000001e02a605,韩系休闲慵懒感:teddy_bear: 小红书 nan nan,14,50
5b287ba611be102bd290b2ff,651ca2f9000000001e03f365,大爱慵懒感！ 小红书 nan nan,1,50
5b287ba611be102bd290b2ff,650d6378000000001e03fe54,同色系叠穿好耐看啊:brown_square: 小红书 nan nan,12,13
5b287ba611be102bd290b2ff,6506f340000000001e02cefa,这样穿很难不可爱吧:penguin: 小红书 nan nan,12,81
5b287ba611be102bd290b2ff,65029bf2000000001e021a52,绿色西装叠穿真的很难不爱！！ 小红书 nan nan,1,35
5b287ba611be102bd290b2ff,65029bf2000000001e021a52,绿色西装叠穿真的很难不爱！！ 小红书 nan nan,1,35
5b287ba611be102bd290b2ff,65017228000000001f03d0eb,秋天的漂亮衣服太多啦！！:fallen_leaf: 小红书 nan nan,11,35
5b287ba611be102bd290b2ff,64feafa6000000001f03f1ad,秋天的漂亮衣服太多啦！！:fallen_leaf: 小红书 nan nan,11,5
632851940000000023038e1e,666aaa23000000001d019562,"假发也可以这样扎 小红书 #假发#发型#彩色假发 假发, 发型, 彩色假发",8,8
632851940000000023038e1e,666aaa23000000001d019562,"假发也可以这样扎 小红书 #假发#发型#彩色假发 假发, 发型, 彩色假发",8,72
632851940000000023038e1e,6667ed09000000001d01b419,"假发片你就是我的神 小红书 #假发#发型#刘海假发片 假发, 发型, 刘海假发片",0,83
632851940000000023038e1e,666037da000000000f00f72f,"怎么好看的氛围感假发怎么好看哒？ 小红书 #假发#发型#发量王者假发 假发, 发型, 发量王者假发",0,8
579991d382ec3970cac4f2a9,66583147000000001303d69f,"购物分享！好看~终于有想分享的东西啦～:smiling_face_with_heart-eyes: 小红书 #购物分享 #Ootd #每日穿搭 #日常穿搭#兰卓丽 购物分享, Ootd, 每日穿搭, 日常穿搭, 兰卓丽",0,8
579991d382ec3970cac4f2a9,66554a51000000000f00e964,"4双！少却精～:magnifying_glass_tilted_left:简约但时髦好搭配凉鞋分享:black_heart: 小红书 #凉鞋推荐 #凉鞋 #鞋子推荐 #鞋子合集 #这么穿就很妙 #穆勒拖 凉鞋推荐, 凉鞋, 鞋子推荐, 鞋子合集, 这么穿就很妙, 穆勒拖",0,31
579991d382ec3970cac4f2a9,66554a51000000000f00e964,"4双！少却精～:magnifying_glass_tilted_left:简约但时髦好搭配凉鞋分享:black_heart: 小红书 #凉鞋推荐 #凉鞋 #鞋子推荐 #鞋子合集 #这么穿就很妙 #穆勒拖 凉鞋推荐, 凉鞋, 鞋子推荐, 鞋子合集, 这么穿就很妙, 穆勒拖",0,8
579991d382ec3970cac4f2a9,66559f69000000000c01b64a,"618买啥:red_question_mark:韩系mm爱用物~一些小众东西们:purse: 小红书 #薇诺娜防晒 #薇诺娜防晒乳#薇诺娜清透防晒乳#敏感肌防晒 #防晒推荐#618#618购物清单 薇诺娜防晒, 薇诺娜防晒乳, 薇诺娜清透防晒乳, 敏感肌防晒, 防晒推荐, 618, 618购物清单",0,72
579991d382ec3970cac4f2a9,664cc1af000000000f00e9cf,"N个穿搭单品*夏季少不了的亮色系！:nazar_amulet::hamsa: 小红书 #亮色穿搭 #撞色穿搭 #日常穿搭 #每日穿搭 #Ootd 亮色穿搭, 撞色穿搭, 日常穿搭, 每日穿搭, Ootd",0,41
579991d382ec3970cac4f2a9,664b6413000000000c01af61,"人嘛 不要局限在一个风格里:adhesive_bandage: 小红书 #日常穿搭 #每日穿搭 #Ootd 今天有点:student: 日常穿搭, 每日穿搭, Ootd",0,18
579991d382ec3970cac4f2a9,6649e305000000000f00d09e,"韩系氛围感:camera_with_flash:~我拍摄的一些小技巧&amp;准备:person_raising_hand: 小红书 松弛感满满的照片真的就更有生命力，想要速成美女风格走韩系都不会出错 #潘婷胶囊精油#拍摄日常 #Ootd #拍摄技巧分享 潘婷胶囊精油, 拍摄日常, Ootd, 拍摄技巧分享",0,41
579991d382ec3970cac4f2a9,663c4901000000001e0211a9,"Vlog！素颜出行好舒服~身体白白&amp;清洁&amp;跳舞:white_heart: 小红书 新尝试身体:white_heart: 对于我来说还蛮有用！ 近一两年皮肤真的好了蛮多 #vlog #vlog日常 #vlog我的一天 vlog, vlog日常, vlog我的一天",0,7
579991d382ec3970cac4f2a9,6636316a000000001e018eed,"5件！千呼万唤~夏季韩系氛围感吊带合集:person_juggling::palm_up_hand: 小红书 #不费力气的穿搭 #吊带背心 #吊带分享 不费力气的穿搭, 吊带背心, 吊带分享",0,31
579991d382ec3970cac4f2a9,6636329f000000001e025a0f,"适合拍照:palm_up_hand::smiling_face_with_halo: 小红书 #大小姐穿搭 #日常穿搭 #Ootd #每日穿搭 大小姐穿搭, 日常穿搭, Ootd, 每日穿搭",0,18
579991d382ec3970cac4f2a9,66320ac5000000001e02ca43,"5双！夏季•各有特色~显高显瘦黑色凉鞋们:magnifying_glass_tilted_left::black_medium_square: 小红书 #凉鞋推荐 #好穿又好搭 #鞋子推荐 #鞋子分享 凉鞋推荐, 好穿又好搭, 鞋子推荐, 鞋子分享",0,31
579991d382ec3970cac4f2a9,66068a570000000013027ac4,"穿裙子就会更漂亮:grey_heart::white_heart: 小红书 #日常穿搭 #每日穿搭 #Ootd #INSISFEMME #INSIS扭结裙 日常穿搭, 每日穿搭, Ootd, INSISFEMME, INSIS扭结裙",0,19
579991d382ec3970cac4f2a9,660e153f000000001b00ad95,"漂亮的白色:cloud::white_heart: 小红书 #日常穿搭 #Ootd #每日穿搭 日常穿搭, Ootd, 每日穿搭",4,19
579991d382ec3970cac4f2a9,660e153f000000001b00ad95,"漂亮的白色:cloud::white_heart: 小红书 #日常穿搭 #Ootd #每日穿搭 日常穿搭, Ootd, 每日穿搭",4,19
5c4ab45e000000001203280b,653375ca000000001e00ef66,":keycap_4:件日常基础打底 好好穿！ 小红书 #平价穿搭 #百搭打底衫 #百搭基础款 #秋季穿搭 平价穿搭, 百搭打底衫, 百搭基础款, 秋季穿搭",0,1
5c4ab45e000000001203280b,6517cfae000000001e032615,"秋季风衣控！ 小红书 #气质穿搭 #风衣 #小个子女生 #短款风衣 #秋季穿搭 气质穿搭, 风衣, 小个子女生, 短款风衣, 秋季穿搭",0,13
5cd92f51000000001800afaa,6639c292000000001e036324,街拍三年记录，气质如一 小红书 每个人穿搭都应该有自己特色 今天分享了@bnn 三年来的穿搭 感觉一脉相承 气质如一 nan,0,51
5cd92f51000000001800afaa,662f1986000000000401a650,杭州街拍上周点赞TOP 小红书 nan nan,13,2
5a79edf111be105b902c3846,665bf5940000000016010296,"万能小黑裙～谁穿谁好看呀嘿嘿:victory_hand: 小红书 长度对高妹来说尊的蛮合适哎～好喜欢呀#氛围感 #小黑裙 #气质小黑裙 #微胖女孩穿搭 #显瘦穿搭 #赫本风小黑裙 #穿搭 #高级穿搭 #ootd每日穿搭 #每日穿搭 #气质连衣裙 #约会穿搭 #温柔穿搭 氛围感, 小黑裙, 气质小黑裙, 微胖女孩穿搭, 显瘦穿搭, 赫本风小黑裙, 穿搭, 高级穿搭, ootd每日穿搭, 每日穿搭, 气质连衣裙, 约会穿搭, 温柔穿搭",0,12
5a79edf111be105b902c3846,6657fc2b000000001401be7d,"173/120温柔白月光～超长连衣裙别太美！ 小红书 长度太适合高个子姐妹啦～越来越喜欢慵懒感的衣服啦！软软糯糯好舒服哎！#清冷感穿搭 #罩衫搭配 #防晒衬衫 #防晒开衫 #当氛围感穿搭走进现实生活 #温柔穿搭 #慵懒感穿搭 #氛围感穿搭 #穿搭合集 #裙子 #连衣裙 #吊带 #吊带裙 #约会穿搭 #出游穿搭 #拍照 清冷感穿搭, 罩衫搭配, 防晒衬衫, 防晒开衫, 当氛围感穿搭走进现实生活, 温柔穿搭, 慵懒感穿搭, 氛围感穿搭, 穿搭合集, 裙子, 连衣裙, 吊带, 吊带裙, 约会穿搭, 出游穿搭, 拍照",0,51
5a79edf111be105b902c3846,6651582900000000160106a7,":light_blue_heart:印花T:plus:蓝色条纹裤～泰好看啦！ 小红书 #微胖女孩穿搭 #显瘦穿搭 #气质穿搭 #条纹 #显瘦神裤 #简单 #约会穿搭 #出游穿搭 #度假穿什么 #氛围感穿搭 #气质美女 #韩系穿搭 #显白 #短袖 #慵懒感穿搭 #不费力气的穿搭 微胖女孩穿搭, 显瘦穿搭, 气质穿搭, 条纹, 显瘦神裤, 简单, 约会穿搭, 出游穿搭, 度假穿什么, 氛围感穿搭, 气质美女, 韩系穿搭, 显白, 短袖, 慵懒感穿搭, 不费力气的穿搭",0,14
5a79edf111be105b902c3846,66501c5b0000000005007ce6,"173/130一周穿搭不重样:memo:每套都好好看!附:link: 小红书 你们最喜欢哪套呀～#上长下短穿搭 #不露腿穿搭 #大学生上课穿搭 #打工人一周穿搭 #少女感穿搭 #当氛围感穿搭走进现实生活 #一周穿搭合集 #私藏店铺 #挑战一周穿搭不重样 上长下短穿搭, 不露腿穿搭, 大学生上课穿搭, 打工人一周穿搭, 少女感穿搭, 当氛围感穿搭走进现实生活, 一周穿搭合集, 私藏店铺, 挑战一周穿搭不重样",0,95
5a79edf111be105b902c3846,664ec4d80000000005004f68,"全黑yyds！抹胸套装别太好看哎:victory_hand: 小红书 不是我吹～秒变纸片人～阔腿裤别太适合高妹奥！#显瘦穿搭 #气质穿搭 #套装 #微胖女孩穿搭 #新中式 #氛围感穿搭 #高个子穿搭 #约会穿搭 #拍照 #慵懒感穿搭 #拍照姿势不重样 #阔腿裤 显瘦穿搭, 气质穿搭, 套装, 微胖女孩穿搭, 新中式, 氛围感穿搭, 高个子穿搭, 约会穿搭, 拍照, 慵懒感穿搭, 拍照姿势不重样, 阔腿裤",0,12
6038d89b000000000101ecac,66669bbb0000000006007fbe,"今日上新~ 小红书 晚上19:00饰品专场 #玉髓 #玛瑙 #戒指 #平价 #显白 #饰品就要blingbling #配饰分享 #小众戒指 玉髓, 玛瑙, 戒指, 平价, 显白, 饰品就要blingbling, 配饰分享, 小众戒指",0,7
5dce4f3700000000010027f5,665ab9af0000000015010948,"美得毫不费力:bubbles: 小红书 #记录生活 #我的日常 记录生活, 我的日常",8,97
5e36ae740000000001008879,663f0f76000000001e022e51,"显贵穿搭 :woman:娇养千金感的气质姐姐 小红书 #我的上班通勤穿搭 #笔记灵感 #气质穿搭 #618超会买买手 #小红书618 #通勤穿搭 #我的上班通勤穿搭 #笔记灵感 #618超会买买手 #小红书618 #气质穿搭 #温柔通勤气质穿搭 #温柔穿搭 #显瘦穿搭 #每日穿搭 #打工人一周穿搭 #今天上班穿什么 #打工人的日常穿搭 #挑战一周穿搭不重样 #不费力气的穿搭 我的上班通勤穿搭, 笔记灵感, 气质穿搭, 618超会买买手, 小红书618, 通勤穿搭, 温柔通勤气质穿搭, 温柔穿搭, 显瘦穿搭, 每日穿搭, 打工人一周穿搭, 今天上班穿什么, 打工人的日常穿搭, 挑战一周穿搭不重样, 不费力气的穿搭",0,2
5e36ae740000000001008879,663c68e4000000001e02d5a6,"一周穿搭 :gem_stone:贵贵质感的气质通勤大合集 小红书 #我的上班通勤穿搭 #笔记灵感 #618超会买买手 #小红书618 #气质穿搭 #温柔通勤气质穿搭 #温柔穿搭 #显瘦穿搭 #每日穿搭 #打工人一周穿搭 #今天上班穿什么 #打工人的日常穿搭 #挑战一周穿搭不重样 #不费力气的穿搭 我的上班通勤穿搭, 笔记灵感, 618超会买买手, 小红书618, 气质穿搭, 温柔通勤气质穿搭, 温柔穿搭, 显瘦穿搭, 每日穿搭, 打工人一周穿搭, 今天上班穿什么, 打工人的日常穿搭, 挑战一周穿搭不重样, 不费力气的穿搭",0,95
5e36ae740000000001008879,6635d8d2000000001e02d34f,"新中式穿搭 -:butterfly:清冷贵气的江南韵味 小红书 #将新中式带到街头 #笔记灵感 #温柔穿搭 #气质穿搭 #新中式穿搭 #新中式连衣裙 #小红书时尚夏上新 #美貌野心家 #618超会买买手 #小红书618 #直播预告 将新中式带到街头, 笔记灵感, 温柔穿搭, 气质穿搭, 新中式穿搭, 新中式连衣裙, 小红书时尚夏上新, 美貌野心家, 618超会买买手, 小红书618, 直播预告",0,52
5e36ae740000000001008879,6634804f000000001e02fd3e,"夏季穿搭 :gem_stone:显贵贵千金的度假穿搭 小红书 #穿漂亮衣服过春天 #笔记灵感 #气质穿搭 #贵气穿搭 #显贵穿搭 #度假穿搭 #财阀千金穿搭 #高级穿搭 #富家千金穿搭 #直播预告 #2024小红书时尚趋势 #小红书时尚夏上新 #小红书618 #618超会买买手 穿漂亮衣服过春天, 笔记灵感, 气质穿搭, 贵气穿搭, 显贵穿搭, 度假穿搭, 财阀千金穿搭, 高级穿搭, 富家千金穿搭, 直播预告, 2024小红书时尚趋势, 小红书时尚夏上新, 小红书618, 618超会买买手",0,95
5e36ae740000000001008879,662debef000000000302187f,"夏日穿搭 :swan:松弛空气感的气质姐姐 小红书 #穿漂亮衣服过春天 #笔记灵感 #气质穿搭 #连衣裙夏季 #气质连衣裙 #白月光连衣裙 #法式穿搭 #显贵穿搭 #质感穿搭 #2024小红书时尚趋势 #小红书时尚夏上新 穿漂亮衣服过春天, 笔记灵感, 气质穿搭, 连衣裙夏季, 气质连衣裙, 白月光连衣裙, 法式穿搭, 显贵穿搭, 质感穿搭, 2024小红书时尚趋势, 小红书时尚夏上新",0,51
5e36ae740000000001008879,662b453d000000000d0331b7,"夏日大合集 :dim_button: 温柔到我心坎上了 小红书 喜欢哪款 评论区告诉我:down_arrow: #夏日穿搭 #气质穿搭 #法式连衣裙 #温柔穿搭 夏日穿搭, 气质穿搭, 法式连衣裙, 温柔穿搭",0,19
5e36ae740000000001008879,6624a9ae000000001c00b300,"夏季穿搭 :gem_stone:清冷贵气感的气质姐姐 小红书 #我的上班通勤穿搭 #笔记灵感 #灰色系穿搭 #夏季穿搭 #气质连衣裙 #气质穿搭 #显贵穿搭 #通勤穿搭 #直播预告 #美貌野心家 #2024小红书时尚趋势 #小红书时尚夏上新 我的上班通勤穿搭, 笔记灵感, 灰色系穿搭, 夏季穿搭, 气质连衣裙, 气质穿搭, 显贵穿搭, 通勤穿搭, 直播预告, 美貌野心家, 2024小红书时尚趋势, 小红书时尚夏上新",0,49
5e36ae740000000001008879,6618d379000000001b0104dd,"通勤穿搭 :yellow_heart:简约有质感的气质姐姐 小红书 #我的上班通勤穿搭 #笔记灵感 #气质穿搭 #通勤穿搭 #我的上班通勤穿搭 #职场通勤穿搭 #质感穿搭 #显贵穿搭 #直播预告 #2024小红书时尚趋势 #小红书时尚春上新 #连衣裙 #气质连衣裙 我的上班通勤穿搭, 笔记灵感, 气质穿搭, 通勤穿搭, 职场通勤穿搭, 质感穿搭, 显贵穿搭, 直播预告, 2024小红书时尚趋势, 小红书时尚春上新, 连衣裙, 气质连衣裙",0,47
5a13df2b4eacab348e6848c3,662dda3d0000000001031413,"夏日彩色系短袖t恤合集:woman_fairy: 小红书 又是一些属于夏天的颜色嘞:puzzle_piece::yellow_heart::tulip::sparkles: #彩色穿搭 #T恤就该这么穿 #夏季穿搭 #绿色穿搭 #半身裙穿搭 彩色穿搭, T恤就该这么穿, 夏季穿搭, 绿色穿搭, 半身裙穿搭",0,0
5a13df2b4eacab348e6848c3,6625f1e000000000040190b1,"夏日彩色系衬衫短袖合集:woman_fairy: 小红书 把夏天的颜色穿在身上嘞！:puzzle_piece::sparkles: #彩色穿搭 #没衬衫怎么型 #背心穿搭 #绿色穿搭 #夏季穿搭 彩色穿搭, 没衬衫怎么型, 背心穿搭, 绿色穿搭, 夏季穿搭",0,0
5a13df2b4eacab348e6848c3,661cb5a3000000001a01422f,"夏日彩色系衬衫短袖合集:green_book: 小红书 一些属于夏天的颜色:puzzle_piece::blue_heart::tulip::sparkles: #彩色穿搭 #夏季穿搭 #短袖衬衫 #没衬衫怎么型 #短袖分享 #绿色系穿搭 彩色穿搭, 夏季穿搭, 短袖衬衫, 没衬衫怎么型, 短袖分享, 绿色系穿搭",0,0
5a13df2b4eacab348e6848c3,6618c332000000001a0176d8,"夏日彩色系:woman_fairy:多巴胺女孩短袖合集 小红书 可爱短袖+半身裙真的超级搭！！ #彩色穿搭 #夏季穿搭 #短袖推荐 #半身裙穿搭 #绿色系穿搭 彩色穿搭, 夏季穿搭, 短袖推荐, 半身裙穿搭, 绿色系穿搭",0,0
6486e5cd0000000010036eeb,665a858800000000160121e8,"慵懒中透露着惬意的长期主义Daily 小红书 #穿搭 #高级感穿搭 #日常穿搭 穿搭, 高级感穿搭, 日常穿搭",0,55
6486e5cd0000000010036eeb,665a858800000000160121e8,"慵懒中透露着惬意的长期主义Daily 小红书 #穿搭 #高级感穿搭 #日常穿搭 穿搭, 高级感穿搭, 日常穿搭",0,12
6486e5cd0000000010036eeb,6652885b000000000f00ff6c,"上新啦#度假穿什么 #她家的衣服真好看 #高级感穿搭 小红书 上新啦#度假穿什么 #她家的衣服真好看 #高级感穿搭 度假穿什么, 她家的衣服真好看, 高级感穿搭",0,95
6486e5cd0000000010036eeb,664c3415000000001500932c,连衣裙大家都买了什么颜色#每日穿搭 小红书 连衣裙大家都买了什么颜色#每日穿搭 每日穿搭,0,3
6486e5cd0000000010036eeb,66494064000000001303cf4b,"快叫你的闺蜜来买这条裙子吧#她家的衣服真好看 #温柔穿搭 小红书 快叫你的闺蜜来买这条裙子吧#她家的衣服真好看 #温柔穿搭 她家的衣服真好看, 温柔穿搭",0,3
6486e5cd0000000010036eeb,6646e314000000001303d3e8,你们喜欢哪一套#每日穿搭 小红书 你们喜欢哪一套#每日穿搭 每日穿搭,4,14
5fa5a033000000000101cfbc,6663f1910000000006007c7a,"(＊っω-) .｡o:four_leaf_clover: 小红书 #氛围感 #来拍照了 氛围感, 来拍照了",8,83
5fa5a033000000000101cfbc,665eb5de000000000d00e726,"•───⋅☾ ☽⋅───• 小红书 #来拍照了 #氛围感 来拍照了, 氛围感",8,83
5fa5a033000000000101cfbc,66547d2000000000050077b8,"ฅ۶•ﻌ•♡:soft_ice_cream: 小红书 #少女感 #来拍照了 少女感, 来拍照了",16,19
5fa5a033000000000101cfbc,664c4565000000001401a08b,"⁰⃚⃙̴༝ ⁰⃚⃙̴ :house_with_garden: 小红书 #随手拍 #氛围感 随手拍, 氛围感",8,19
598e9dd45e87e726439d8e4a,66459f17000000001e01c188,"夏日心机齐活:bear:姐姐系私藏绝美内衣分享 小红书 被大家催了800次的内衣分享来啦 我平时爱穿的内搭： 夏日搭配吊带乳贴、日常可做内搭无痕内衣、性感小野猫性法式内衣…都分享给大家 舒适微聚拢又高级 喜欢哪一款，请对号入座:beating_heart: #无钢圈舒适内衣 #薄款内衣 #穿衣自由 #内衣 #年度幸福感好物 #小胸聚拢内衣 #我的日常 #618在小红书买什么 #小红书618 @时尚薯 @直播薯 #pick你的最爱:bear: 无钢圈舒适内衣, 薄款内衣, 穿衣自由, 内衣, 年度幸福感好物, 小胸聚拢内衣, 我的日常, 618在小红书买什么, 小红书618, pick你的最爱:bear:",0,52
598e9dd45e87e726439d8e4a,66434d09000000001e01de1e,"Night routine ｜睡前仪式感:bubbles:极简治愈夜晚 小红书 姐妹们，好久没和大家分享护肤流程了 不管生活再忙碌 留一点时间给自己 自洽、自爱疗愈可以从护肤洗澡开始 精简护肤，简单的身体护理 放松治愈身心的同时 即使在这个换季时节，皮肤还能保持一如既往细腻柔滑 全身水光肌不能偷懒哦 :bubbles:精华水浸泡面膜纸敷脸3-5分钟每天都可做 :bubbles:一周1-2次磨砂膏or干刷全身祛角质 :bubbles:每天洗完涂抹身体油or身体乳 #我的护肤日记 #护肤分享 #沉浸式护肤 #日常生活里的快乐瞬间 #治愈 #洗澡 #晚间护肤 #618在小红书买什么 #小红书618 @生活薯 @日常薯 我的护肤日记, 护肤分享, 沉浸式护肤, 日常生活里的快乐瞬间, 治愈, 洗澡, 晚间护肤, 618在小红书买什么, 小红书618",0,72
598e9dd45e87e726439d8e4a,6629a3f8000000001c00976b,":airplane:ENFJ 五一假期穿搭:right_arrow:时髦不重样 小红书 hi，旅行计划准备好了吗？ 来看看我这个E人为城市旅行准备的一周穿搭吧 #时尚捕手 #春季新品 #日常穿搭 #Ootd #vlog日常 #直播预告 #2024小红时尚趋势 #春季穿搭 #五一去哪玩 @时尚薯 时尚捕手, 春季新品, 日常穿搭, Ootd, vlog日常, 直播预告, 2024小红时尚趋势, 春季穿搭, 五一去哪玩",0,14
598e9dd45e87e726439d8e4a,6627dacb000000001c00b871,"一眼心动的连衣裙:plus:小白鞋:tulip:绝美 小红书 五一假期连衣裙给大家安排好了 度假或者城市旅游都:Japanese_acceptable_button: 配上一双小白鞋，轻松驾驭法师风格 外套和配件就按自己喜好搭配吧 #连衣裙 #OotD #日常穿搭 #五一假期 #2024小红书时尚趋势 #小白鞋 #法式风格 #春夏穿搭 #直播预告 @时尚薯 连衣裙, OotD, 日常穿搭, 五一假期, 2024小红书时尚趋势, 小白鞋, 法式风格, 春夏穿搭, 直播预告",0,95
5938769b5e87e76b8fd1783f,664d999d00000000150103d8,"夏日去黄白白思路:clipboard:全方位进阶白月光꙳✧˖ 小红书 内调+外养+穿搭:check_mark:养出牛奶肌！ 击退“班味”！ko黑和黄！和黄气说byebye:waving_hand: 夏天一起做“白月光”女孩:girl_light_skin_tone: #科兰黎vc精华 #科兰黎 #科兰黎小金珠面膜 #内调 #去黄提亮 #变美 #变美我熟 #变美逆袭 #变美小技巧 科兰黎vc精华, 科兰黎, 科兰黎小金珠面膜, 内调, 去黄提亮, 变美, 变美我熟, 变美逆袭, 变美小技巧",0,52
5938769b5e87e76b8fd1783f,664d999d00000000150103d8,"夏日去黄白白思路:clipboard:全方位进阶白月光꙳✧˖ 小红书 内调+外养+穿搭:check_mark:养出牛奶肌！ 击退“班味”！ko黑和黄！和黄气说byebye:waving_hand: 夏天一起做“白月光”女孩:girl_light_skin_tone: #科兰黎vc精华 #科兰黎 #科兰黎小金珠面膜 #内调 #去黄提亮 #变美 #变美我熟 #变美逆袭 #变美小技巧 科兰黎vc精华, 科兰黎, 科兰黎小金珠面膜, 内调, 去黄提亮, 变美, 变美我熟, 变美逆袭, 变美小技巧",0,52
5938769b5e87e76b8fd1783f,6646be20000000001e019580,"浑身腌入味:glass_of_milk:又软又甜的伪体香养成♡₊⋆ 小红书 哎嘿！今天是把自己“腌入味”的教学:saluting_face: 养成伪体香+提亮肤色+细腻皮肤:writing_hand_light_skin_tone:干货满满～ 嫩嫩滑滑香喷喷:two_hearts:真的爱鼠了！！！ #体香 #香香好物 #香香的 #变美 #变美我熟 #变美逆袭 #变美小技巧 #变美变瘦变好看 #变美思路 #福来油 #福来香氛身体油 体香, 香香好物, 香香的, 变美, 变美我熟, 变美逆袭, 变美小技巧, 变美变瘦变好看, 变美思路, 福来油, 福来香氛身体油",0,52
5938769b5e87e76b8fd1783f,6641cc87000000001e01a0ab,"初夏氛围感美人:woman_raising_hand_light_skin_tone:变美逆袭易如反掌！！ 小红书 4招速成初夏氛围感美女！:sparkles: 还挺有初恋白月光那味的 嘿嘿:heart_hands_light_skin_tone: 清爽又简单～好上手且低成本～快来跟练啦:woman_raising_hand_light_skin_tone: #变美 #变美逆袭 #变美小技巧 #变美变瘦变好看 #变美思路 #普通女生如何变美 #氛围感 #奥妙内衣洗衣液 #奥妙除真菌 #奥妙内衣洗衣液雪松山茶 #内衣洗衣液 变美, 变美逆袭, 变美小技巧, 变美变瘦变好看, 变美思路, 普通女生如何变美, 氛围感, 奥妙内衣洗衣液, 奥妙除真菌, 奥妙内衣洗衣液雪松山茶, 内衣洗衣液",0,4
5938769b5e87e76b8fd1783f,66361dfd000000001e01aed6,"Vlog:memo:在温柔的风日里吹个风吧～ 小红书 姐妹们有出去走走吗～ #Vlog我的一天 #vlog #我的日常vlog #记录生活 #我的日常 #治愈 Vlog我的一天, vlog, 我的日常vlog, 记录生活, 我的日常, 治愈",0,90
586cfadb50c4b44fe3bf1203,665b1d33000000001500a4ea,十指相扣 厮守一生:red_heart: 小红书 #结婚 结婚,8,19
586cfadb50c4b44fe3bf1203,665b1d33000000001500a4ea,十指相扣 厮守一生:red_heart: 小红书 #结婚 结婚,8,19
586cfadb50c4b44fe3bf1203,665888c0000000001501372a,":fox:恋爱VLOG/他来接我回家啦！收到了超大花花 小红书 #生活需要仪式感 #恋爱vlog #异国恋 生活需要仪式感, 恋爱vlog, 异国恋",0,11
586cfadb50c4b44fe3bf1203,665888c0000000001501372a,":fox:恋爱VLOG/他来接我回家啦！收到了超大花花 小红书 #生活需要仪式感 #恋爱vlog #异国恋 生活需要仪式感, 恋爱vlog, 异国恋",0,11
586cfadb50c4b44fe3bf1203,6640aff2000000001e02c6c7,":Australia:留学｜周末补充能量！朋友间也要有仪式感 小红书 #留学生日常 #vlog 留学生日常, vlog",0,20
586cfadb50c4b44fe3bf1203,6625da57000000001c007ae0,":Australia:01年传媒生复活节假期日常VLOG 小红书 和好久不见的朋友出去玩咯，拍了好多美美视频，论拍照还给是我米姐！假期快递员偷懒囤的牙膏存货还给去邮局拿，不过收到这么貌美，美白效果还好的牙膏心情舒畅不少！ #留学vlog #marvis牙膏 留学vlog, marvis牙膏",0,7
586cfadb50c4b44fe3bf1203,660d3906000000001b00cdf8,在bondi拍的胶片:film_frames::water_wave: 小红书 #胶片 胶片,8,19
586cfadb50c4b44fe3bf1203,65e32870000000000b0222ce,易书恒老婆 小红书 哈哈哈哈哈发自己也要带有老公名字的标题#留学生 留学生,0,49
586cfadb50c4b44fe3bf1203,65e1d21b000000000b01976a,"总喜欢逗委屈小狗:guide_dog: 小红书 #姐弟恋 #恋爱日常 姐弟恋, 恋爱日常",8,53
586cfadb50c4b44fe3bf1203,65db15ed000000000b017004,:Australia:留学VLOG/元宵节聚会！ 小红书 #留学VLOG 留学VLOG,4,8
586cfadb50c4b44fe3bf1203,65d5bede000000000b020bf6,"离开你谁还把我当小孩 小红书 其实我什么都会，在国外我是那个照顾别人的人，可以搬很重很重的东西，每天会煮饭给室友和朋友吃，是个小大人呢，但只有他在的时候我才又变成被宠的小朋友 #情侣 #异国恋 情侣, 异国恋",0,11
586cfadb50c4b44fe3bf1203,65cdcebd000000000b0224d2,反正是要嫁给你的 小红书 明天我就要回澳洲了，这几天特别敏感，六月等我回来拍婚纱照！#异国恋 异国恋,0,94
586cfadb50c4b44fe3bf1203,65cdcebd000000000b0224d2,反正是要嫁给你的 小红书 明天我就要回澳洲了，这几天特别敏感，六月等我回来拍婚纱照！#异国恋 异国恋,0,20
586cfadb50c4b44fe3bf1203,65cc7348000000000b0207ef,:water_wave: 小红书 #OOTD OOTD,4,63
586cfadb50c4b44fe3bf1203,65c9b352000000000a031097,"阿那亚&amp;23岁生日:birthday_cake:VLOG/第一次和老公自驾游 小红书 #恋爱vlog#日常 恋爱vlog, 日常",0,49
586cfadb50c4b44fe3bf1203,65c9b352000000000a031097,"阿那亚&amp;23岁生日:birthday_cake:VLOG/第一次和老公自驾游 小红书 #恋爱vlog#日常 恋爱vlog, 日常",0,7
586cfadb50c4b44fe3bf1203,65993211000000000f033f5f,全世界我们最般配:teddy_bear: 小红书 #姐弟恋 姐弟恋,14,53
586cfadb50c4b44fe3bf1203,65857227000000000901cdb5,"叫姐姐 小红书 #低像素 #短发 低像素, 短发",8,8
586cfadb50c4b44fe3bf1203,65291fb400000000220289c4,少一点天份 小红书 #低像素 低像素,8,83
586cfadb50c4b44fe3bf1203,6517d6cb000000001a021e0c,"帅疯 小红书 #低像素 #短发 #韩系 低像素, 短发, 韩系",8,14
586cfadb50c4b44fe3bf1203,6517d6cb000000001a021e0c,"帅疯 小红书 #低像素 #短发 #韩系 低像素, 短发, 韩系",8,49
586cfadb50c4b44fe3bf1203,64e144f4000000001700f7bf,":Australia:留学生独居VLOG/一天都干什么 小红书 第一次去学校好大哇啊啊啊 在国内没怎么做过公交车，来这各种抓瞎… #留学生 #独居 #vlog #Vlog我的一天 留学生, 独居, vlog, Vlog我的一天",0,11
586cfadb50c4b44fe3bf1203,64e0922c000000000a019d97,"比你男朋友帅 小红书 #低像素 #韩系 #短发 低像素, 韩系, 短发",8,83
586cfadb50c4b44fe3bf1203,64df435b00000000030218a2,"耶 小红书 #短发 #低像素 短发, 低像素",8,83
586cfadb50c4b44fe3bf1203,64d9fec6000000001700ec67,"吃超级食物1年，才发现美貌没有上限~ 小红书 谁懂啊姐妹们！！真的绝了！！ 我现在每天早上起来照镜子都忍不住要笑出声来:face_savoring_food: 皮肤毫不夸张就跟开了磨皮一样，整张脸白净锃亮~ 底子好了不需要左一层右一层地糊墙...素颜出门状态也很能打！ 其实原先也不太懂保养这些，还老觉得都是智商税 但是扛不住天天熬夜瞎作，整个人都成“橘子皮”了又黄又皱巴 也是过20+了，原蛋白也嗖嗖流失，脸颊一下就瘪了 面中凹陷不说法令纹也隐隐两道沟。。。 想到自己以后皮肤只会越来越松，就非常emo 这才开始认认真真内服，每天一支胶原蛋白肽 说实话一开始喝着变化并不大，但我总觉得这种东西是量变才能产生质变，所以没放弃不死心地坚持着。 差不多喝完三盒后，感觉皮肤越来越细腻透亮，到九盒的时候脸上两边耷拉着的苹果肌复位了，连法令纹的两条沟都被慢慢填满！ 突然照镜子发现感觉自己面部平整度直接上升一个level，这才后知后觉地反应过来内调渗透到身体里的大作用~说句无痛伊美真的不夸张！ 当然，除了脸垮补胶原之外，别的superfood我也有吃着来打辅助，像是抗yan的姜黄粉、来ym的时候肚子疼喝红糖姜茶，对噗噗好的西梅粉等等。真心觉得保养是非常有必要的，只要用心了，美貌永远没有上限~ #losoki #胶原蛋白肽 #补胶原 #熬夜 #垮脸 #女性保养 #超级食物 losoki, 胶原蛋白肽, 补胶原, 熬夜, 垮脸, 女性保养, 超级食物",0,83
613a121f000000000201a0ad,665f0a12000000000c019b01,好久没拍新中式 小红书 nan nan,9,47
613a121f000000000201a0ad,665b35c900000000150095e6,六月的第一天 小红书 还有一周就要直播了 好紧张 :face_holding_back_tears:大家一定要来看我 聊聊天也行！左下角记得预约哟:wedding:！！ nan,0,49
613a121f000000000201a0ad,66585ad1000000001303dd9d,夏天独有的感觉:sunrise_over_mountains: 小红书 傍晚穿着吊带在江边散步 晚霞 微风 冰奶茶 夏天真的美好得很具象#今年N个漂亮时刻 今年N个漂亮时刻,0,5
613a121f000000000201a0ad,66585ad1000000001303dd9d,夏天独有的感觉:sunrise_over_mountains: 小红书 傍晚穿着吊带在江边散步 晚霞 微风 冰奶茶 夏天真的美好得很具象#今年N个漂亮时刻 今年N个漂亮时刻,0,5
613a121f000000000201a0ad,665749fa000000001303ef4f,:bubbles:夏日短袖合集｜搭配思路get :thought_balloon:˖꙳ 小红书 第一套是我配的音 后面都是桃子@桃公主（新年版 帮我讲的哈哈哈哈哈哈她好专业！！ nan,0,40
613a121f000000000201a0ad,665749fa000000001303ef4f,:bubbles:夏日短袖合集｜搭配思路get :thought_balloon:˖꙳ 小红书 第一套是我配的音 后面都是桃子@桃公主（新年版 帮我讲的哈哈哈哈哈哈她好专业！！ nan,0,85
613a121f000000000201a0ad,6655e6fb00000000150131d9,"夜晚氛围感视频三要素 小红书 :keycap_1:晚风吹头发慢动作 :keycap_2:手机后置摄像头打开闪光灯 :keycap_3:手机打开地图 屏幕调到最亮 法令纹通通消失 脸还会亮亮的 #拍出氛围感 #闪光灯拍照 拍出氛围感, 闪光灯拍照",0,16
613a121f000000000201a0ad,6654a8480000000015013f7c,爱 本是尘埃 小红书 nan nan,9,19
613a121f000000000201a0ad,66531669000000000c01a746,有舍才有得 从不执着 小红书 nan nan,9,52
613a121f000000000201a0ad,6650b115000000001303d4be,对我新买的ccd爱不释手:bubbles: 小红书 阴天拍照也好好看！之前买的三四个ccd都陆陆续续坏了退休了 #周末去哪儿 周末去哪儿,0,47
613a121f000000000201a0ad,664f212f000000001500848d,𝗣𝘂𝗿𝗲 𝘄𝗵𝗶𝘁𝗲夏日白裙合集:cloud:解说版 小红书 #今天穿什么香 今天穿什么香,0,52
613a121f000000000201a0ad,664cbe7e000000001303e33c,在外滩笑得好开心！ 小红书 我恨无肩带内衣！！总是往下滑 这个白t真的好好穿 #今日快乐今日发 今日快乐今日发,0,48
613a121f000000000201a0ad,664b4961000000001500b9ac,上海拍照｜这里真的好有故事感:passenger_ship: 小红书 好神奇 明明拍的时候周围都是人 怎么我发出来的照片视频里一个人也看不到哈哈哈#风里有了夏天的味道 风里有了夏天的味道,0,51
613a121f000000000201a0ad,664b4961000000001500b9ac,上海拍照｜这里真的好有故事感:passenger_ship: 小红书 好神奇 明明拍的时候周围都是人 怎么我发出来的照片视频里一个人也看不到哈哈哈#风里有了夏天的味道 风里有了夏天的味道,0,12
613a121f000000000201a0ad,664991bd000000001500a71f,没有永恒的梅雨季 只有久违的艳阳天 小红书 #胶片风摄影 胶片风摄影,0,19
613a121f000000000201a0ad,66489217000000000f00c1dc,"在天目里晒太阳 小红书 这几天终于不下雨了 好开心 今天还偶遇了可爱柴柴 耳朵超级软 (⁎⁍̴̛ᴗ⁍̴̛⁎) #阳光自由计划 #cleanfit简单出门 阳光自由计划, cleanfit简单出门",0,90
613a121f000000000201a0ad,664770e6000000000c01b4c0,丝绸博物馆逛逛 小红书 时装馆里面好多精致的衣服～楼梯很出片！休息区也特别漂亮 窗外全是绿色:deciduous_tree: 今天这套本来想搭配运动鞋的 临时换了这双小尖头 一下子变得很不一样哈哈哈哈有一种不好相处的美 nan,0,2
613a121f000000000201a0ad,6646f677000000000f00fb15,我的心想唱首歌给你听 小红书 #日常碎片PLOG 日常碎片PLOG,8,34
613a121f000000000201a0ad,6640dd6a000000001e0266b0,蔷薇花墙:hibiscus: 小红书 #记一个晴朗有风的下午 记一个晴朗有风的下午,8,2
613a121f000000000201a0ad,663f3665000000001e01dcc3,"夏日浪漫序曲:tulip: 小红书 今天去湘湖拍照咯！穿了漂亮的小裙子心情特别好 :dress:：乐町山茶少女 #乐町心动连衣裙#夏天#漂亮裙子#浪漫生活的记录者 乐町心动连衣裙, 夏天, 漂亮裙子, 浪漫生活的记录者",0,19
613a121f000000000201a0ad,663e2df6000000001e01d5da,:bubbles: ૮ ᴗ͈ˬᴗ͈ෆა :bubbles: 小红书 #浪漫生活的记录者 浪漫生活的记录者,8,30
613a121f000000000201a0ad,6630b937000000001e02d51f,槿花一日自为荣:wind_chime: 小红书 nan nan,12,83
613a121f000000000201a0ad,662e1aa7000000001c00adec,":balloon:宁波新地标！打卡啦 小红书 :round_pushpin:浙江最大华为智能生活馆开在了宁波天一广场！ :cityscape: 外观超有设计感，像风帆一样，拍照很出片 :house_with_garden: 馆内角角落落，都让人心情大好，赏心悦目！ :hot_beverage: 二楼咖啡吧，和玻璃长廊，是闺蜜小聚、休憩的完美地点 :mobile_phone: 还体验了华为Pura 70系列手机AI消除功能，快速消除背景里杂乱的物体，修图省时省力！ :women_holding_hands: 快来打卡，享受科技与美学的双重盛宴！ #华为智能生活馆 #宁波探店 #闺蜜打卡地#华为#挑战华为宁波天一店一张封神#宁波新地标华为智慧弧#华为Pura70 华为智能生活馆, 宁波探店, 闺蜜打卡地, 华为, 挑战华为宁波天一店一张封神, 宁波新地标华为智慧弧, 华为Pura70",0,51
613a121f000000000201a0ad,662d0374000000001c005156,最近的温度也太舒服了 小红书 不敢想象在四季如春的地方生活我会有多开心! nan,0,12
613a121f000000000201a0ad,662925bb000000000d033912,粤海关拍照:classical_building: 小红书 4月的广州温度好舒适！就是一直下雨:cloud_with_rain:延误了好久终于回杭州啦 nan,0,49
613a121f000000000201a0ad,66279429000000000d031cd3,我爱你 请多多来电！⌯&gt;ᴗ&lt;⌯ಣ 小红书 nan nan,6,34
613a121f000000000201a0ad,662137ab0000000003020278,我就在此刻突然爱上你 小红书 nan nan,9,19
613a121f000000000201a0ad,661d3f21000000001c0069cf,等你 就像等一个好天气 小红书 nan nan,9,83
613a121f000000000201a0ad,661be6db000000001b0099d3,:bubbles: ·͜·♡ 白t拯救世界！夏天短袖合集 小红书 nan nan,12,85
613a121f000000000201a0ad,6617fe88000000001b012340,明天依旧喜欢你 数不尽的明天 小红书 nan nan,9,49
613a121f000000000201a0ad,6616599e000000001b012851,"让我们形影不离 小红书 #UR设计师系列#UR新品 UR设计师系列, UR新品",8,43
613a121f000000000201a0ad,6607e293000000001b012fe8,浮生若梦 小红书 #新中式国风 新中式国风,8,43
613a121f000000000201a0ad,660438f2000000001302551b,生活需要钝感力 小红书 nan nan,9,83
613a121f000000000201a0ad,65fef0cc0000000012031938,日常存档:world_map: 小红书 nan nan,12,34
613a121f000000000201a0ad,660045cd0000000013025574,大理库存:mosque: 小红书 理想邦真的好美好美 下次还去！ nan,10,43
613a121f000000000201a0ad,660045cd0000000013025574,大理库存:mosque: 小红书 理想邦真的好美好美 下次还去！ nan,10,43
613a121f000000000201a0ad,65f8364c0000000013025424,懂知足 于是幸福得好轻松 小红书 nan nan,9,75
613a121f000000000201a0ad,65f6a8da0000000012036bf6,把小猫穿在身上:kissing_cat: 小红书 nan nan,12,51
613a121f000000000201a0ad,65f5303c00000000120310cd,:cookie:深圳一家可爱小店:cookie: 小红书 甜品好好吃 热茶也很香～下雨天在这种漂亮小店呆着真的很治愈！ccd雨天拍也好好看 nan,0,64
613a121f000000000201a0ad,65f2e5ad0000000013025739,每天都有太阳晒好幸福:sun: 小红书 羡慕每一个云南人 nan,10,99
613a121f000000000201a0ad,65f2e5ad0000000013025739,每天都有太阳晒好幸福:sun: 小红书 羡慕每一个云南人 nan,10,99
613a121f000000000201a0ad,65e48d11000000000b01ba78,风轻轻 小红书 nan nan,9,43
5a9a1b324eacab3c7bfedca7,663b16c7000000001e03ba6a,":herb:152｜开心过夏天～:sun:小个子:keycap_4:套裙装分享:dress: 小红书 #150小个子穿搭 #小个子穿搭 #夏日穿搭 #今天穿这样 #小个子女生裙装穿搭 #少女感穿搭夏天 150小个子穿搭, 小个子穿搭, 夏日穿搭, 今天穿这样, 小个子女生裙装穿搭, 少女感穿搭夏天",0,21
5a9a1b324eacab3c7bfedca7,66399ac9000000001e031e47,"152｜:sun:防晒衣:plus:小白裙:dress:夏天这样穿太好看了！ 小红书 #150小个子穿搭 #小个子穿搭 #小白裙 #防晒衣分享 #ootd夏日穿搭 150小个子穿搭, 小个子穿搭, 小白裙, 防晒衣分享, ootd夏日穿搭",0,43
5a9a1b324eacab3c7bfedca7,6617db44000000001a011dbe,":herb:152｜夏天快来吧！:beach_with_umbrella:我想穿小裙裙去海边:water_wave: 小红书 #150小个子穿搭 #小个子穿搭 #海边度假穿搭 #吊带裙 #小个子连衣裙 150小个子穿搭, 小个子穿搭, 海边度假穿搭, 吊带裙, 小个子连衣裙",0,51
5a9a1b324eacab3c7bfedca7,660feaf2000000001a00deb9,":tulip:152｜:sun:好想过夏天啊！想穿连衣裙！:dress: 小红书 #150小个子穿搭 #小个子穿搭 #小个子连衣裙 #期待夏天 150小个子穿搭, 小个子穿搭, 小个子连衣裙, 期待夏天",0,55
5a9a1b324eacab3c7bfedca7,65ffe35d000000000d00e424,":running_shoe:152｜:sparkles:矮子乐！！:keycap_4:双高颜值运动鞋鞋！！ 小红书 #百搭鞋子分享 #登山鞋 #小个子运动鞋 #神仙鞋子 #复古运动 百搭鞋子分享, 登山鞋, 小个子运动鞋, 神仙鞋子, 复古运动",0,68
5a9a1b324eacab3c7bfedca7,65ffe35d000000000d00e424,":running_shoe:152｜:sparkles:矮子乐！！:keycap_4:双高颜值运动鞋鞋！！ 小红书 #百搭鞋子分享 #登山鞋 #小个子运动鞋 #神仙鞋子 #复古运动 百搭鞋子分享, 登山鞋, 小个子运动鞋, 神仙鞋子, 复古运动",0,68
5a9a1b324eacab3c7bfedca7,65fe8deb0000000012023a6c,":tulip:152｜:keycap_5:套！小个子西装:plus:长裙搭配:dress: 小红书 #150小个子穿搭 #小个子穿搭 #早春搭配 #小个子西装外套 #小白裙 #春天的漂亮衣服 150小个子穿搭, 小个子穿搭, 早春搭配, 小个子西装外套, 小白裙, 春天的漂亮衣服",0,51
5a9a1b324eacab3c7bfedca7,65fac5540000000012020273,":tulip:152｜谁懂！:artist_palette:小个子真的太适合文艺风了！ 小红书 #150小个子穿搭 #小个子穿搭 #文艺穿搭 #穿漂亮衣服过春天 #叠穿马甲 150小个子穿搭, 小个子穿搭, 文艺穿搭, 穿漂亮衣服过春天, 叠穿马甲",0,55
5a990ee711be10320bad4ff3,6623c0270000000001004617,#cleanfit:cloud_with_rain: 小红书 晚上好 我的老婆们 今天点的天水麻辣烫怎么像麻辣香锅 nan,0,49
5a990ee711be10320bad4ff3,66213181000000000401a268,你可以回去 但是那里已经没有人咯 小红书 去年11月 路过小时候的家 这次有朋友一起终于敢上去看看咯 之前路过很多次都只是在外面望一望二楼的灯 小时候在墙上乱画的画乱写的字都被粉刷掉啦 最近老是会想到以前的事 想到爸妈 那个时候真的好有安全感好幸福哦 好像成年了毕业了之后离开家就很难有归属感了 至少我现在还没找到 慢慢找吧 nan,0,11
5a990ee711be10320bad4ff3,66192433000000001a014b69,"老公姐 小红书 我正常扭一下 没有任何暗示谢谢！！ 不要乱审核哥姐们！！ #ootd #麻辣马 #你的爹 #好 ootd, 麻辣马, 你的爹,",0,49
5a990ee711be10320bad4ff3,660dad36000000001a012a39,"美丽吊带分享:cloud: 小红书 算上我最拿手的分享吧 别的衣服都不怎么买 只要不是广我都拍的好敷衍啊哈哈哈凑合看看吧 最近真的超想上班的 有没有要带货主播 模特什么的捞捞我啊!（大声叫 看boss看晕了都 太久不上班真的有点自闭 谁会懂 #吊带分享 #带货主播 #模特 吊带分享, 带货主播, 模特",0,49
5a990ee711be10320bad4ff3,65e88dd60000000004003077,这儿还有一条皱眉 小红书 嘿嘿#麻辣马 麻辣马,8,52
5aae0b6811be10687bee1ad9,64e875dd000000000103ce96,"越吃越瘦的明星同款低卡小零食:bell: 小红书 女明星们狂吃不胖的秘密:star:原来都藏在他们的包包里～好吃不胖的零食清单:receipt:姐妹们赶紧M起来吧:bright_button: #明星同款 #零食 #零食推荐 #低卡零食 #减肥 #学生党 明星同款, 零食, 零食推荐, 低卡零食, 减肥, 学生党",0,95
5aae0b6811be10687bee1ad9,64b902e9000000000800d6fe,"私藏17年的【超好走高跟鞋】分享:red_exclamation_mark: 小红书 作为常年的脚疼星人，可以负责任地说，这4款高跟鞋，姐妹们放心冲:red_exclamation_mark:#高跟鞋 #超舒适的高跟鞋 #好物分享#绝美高跟鞋 #jimmychoo #giuseppezanotti #sergiorossi @时尚薯 @薯队长 @小红书视频号 #集美们是什么脚型？ 高跟鞋, 超舒适的高跟鞋, 好物分享, 绝美高跟鞋, jimmychoo, giuseppezanotti, sergiorossi, 集美们是什么脚型？",0,95
5a33bf3ce8ac2b38a15ed005,666163410000000006006227,"173/120夏日蓝色系:shark:日常简单休闲穿～:leaf_fluttering_in_wind::sun_behind_small_cloud: 小红书 简简单单太好看啦!! 同色系出街～ 休闲舒适:sparkles: 上衣，软软糯糯的短袖也太舒服啦!宽松，没有束缚感不显臃肿!!:check_mark_button: 半身裙，深色牛仔好显瘦!!百褶设计，不显屁股!不显胯!!梨型身材姐妹合适!:check_mark_button: #高个子穿搭 #梨型身材 #短袖 #半身裙 #休闲穿搭 #不露腿穿搭 #夏季穿搭 #不费力气的穿搭 #舒适穿搭 #今天穿什么香 高个子穿搭, 梨型身材, 短袖, 半身裙, 休闲穿搭, 不露腿穿搭, 夏季穿搭, 不费力气的穿搭, 舒适穿搭, 今天穿什么香",0,99
62c72724000000000e00c085,660165b90000000014004638,"可是听听，江忍也可以很好的 小红书 #偏偏宠爱 #偏偏宠爱漫画 #江忍 #孟听配得上全世界最好的江忍 #男高 偏偏宠爱, 偏偏宠爱漫画, 江忍, 孟听配得上全世界最好的江忍, 男高",0,28
62c72724000000000e00c085,65d9ebba000000000b00fa91,"小白龙 小红书 #女扮男装 #白龙 #少年感 女扮男装, 白龙, 少年感",8,77
62c72724000000000e00c085,65b4e46500000000110103bb,"大王，他真的是狐狸变的 小红书 #男妲己#女扮男扮女 男妲己, 女扮男扮女",8,77
62c72724000000000e00c085,65ae59f9000000000a0321b1,"都说我头发好 小红书 #好物分享 #护发 #国货自当强 好物分享, 护发, 国货自当强",0,11
56e4232a1c07df5156a734bd,665c63ea000000001601381d,"好物分享｜喏 都是近期询问度很高的单品！ 小红书 #时髦单品 #好物分享 #爱用物分享 #日常 #日常分享 时髦单品, 好物分享, 爱用物分享, 日常, 日常分享",0,88
56e4232a1c07df5156a734bd,665187550000000016012020,"OOTD｜两款包包打造我最爱的美式复古风 小红书 #美式复古穿搭 #美式休闲 #穿搭合集 #ootd每日穿搭 #ootd #今日穿搭 #穿搭 #时髦 #小众包包 #通勤包包 #腋下包 #miumiu风 美式复古穿搭, 美式休闲, 穿搭合集, ootd每日穿搭, ootd, 今日穿搭, 穿搭, 时髦, 小众包包, 通勤包包, 腋下包, miumiu风",0,31
56e4232a1c07df5156a734bd,664f227800000000140185ae,"OOTD｜速干衣万能搭配方式，秒变夏日时髦精 小红书 #速干衣 #ootd每日穿搭 #ootd #运动穿搭 #穿搭 #夏季穿搭#轻松走另一条路 #狼爪速干T恤 #狼爪速干衣 速干衣, ootd每日穿搭, ootd, 运动穿搭, 穿搭, 夏季穿搭, 轻松走另一条路, 狼爪速干T恤, 狼爪速干衣",0,88
56e4232a1c07df5156a734bd,66399e04000000001e0322e9,"OOTD｜迎着最后一丝夕阳拍下视频，很是喜欢 小红书 #ootd每日穿搭 #ootd #每日穿搭 #穿搭 #通勤穿搭#观外GUANWAI #观外GUANWAI落日系列 ootd每日穿搭, ootd, 每日穿搭, 穿搭, 通勤穿搭, 观外GUANWAI, 观外GUANWAI落日系列",0,85
56e4232a1c07df5156a734bd,662af731000000000401bbed,"OOTD｜一些不一样的特别的裙子:red_heart: 小红书 #小众设计感裙子推荐 #小众连衣裙分享 #度假穿什么 #ootd每日穿搭 #ootd每日穿搭 #连衣裙 #我的日常 #日常分享 小众设计感裙子推荐, 小众连衣裙分享, 度假穿什么, ootd每日穿搭, 连衣裙, 我的日常, 日常分享",0,4
56e4232a1c07df5156a734bd,662a93ac00000000010067e0,"Vlog|旅行流水账，是真的很爱记:memo::red_heart: 小红书 #旅行 #泰国旅行 #vlog #记录生活 #我的日常 #ootd每日穿搭 #和好朋友一起旅行 #旅游日记 #记录吧就现在 旅行, 泰国旅行, vlog, 记录生活, 我的日常, ootd每日穿搭, 和好朋友一起旅行, 旅游日记, 记录吧就现在",0,49
56e4232a1c07df5156a734bd,6627815a0000000004019a15,"一波实用的夏季防晒服穿搭，请查收:saluting_face: 小红书 #防晒衣穿搭 #防晒衣 #防晒外套 #ootd每日穿搭#ootd #我的日常 #实用穿搭#我穿ck太可了#CK不晒系列防晒衣 防晒衣穿搭, 防晒衣, 防晒外套, ootd每日穿搭, ootd, 我的日常, 实用穿搭, 我穿ck太可了, CK不晒系列防晒衣",0,85
56e4232a1c07df5156a734bd,65fa925500000000120227eb,"三条衣橱必备牛仔裤，轻松拿捏春夏穿搭:red_heart: 小红书 #levis #levisribcage #levis726 #levisbaggy #Levis如此丹宁 #李维斯如此丹宁 #牛仔裤 #牛仔裤搭配 #ootd每日穿搭 #穿搭 #牛仔裤分享 levis, levisribcage, levis726, levisbaggy, Levis如此丹宁, 李维斯如此丹宁, 牛仔裤, 牛仔裤搭配, ootd每日穿搭, 穿搭, 牛仔裤分享",0,49
56e4232a1c07df5156a734bd,65fa925500000000120227eb,"三条衣橱必备牛仔裤，轻松拿捏春夏穿搭:red_heart: 小红书 #levis #levisribcage #levis726 #levisbaggy #Levis如此丹宁 #李维斯如此丹宁 #牛仔裤 #牛仔裤搭配 #ootd每日穿搭 #穿搭 #牛仔裤分享 levis, levisribcage, levis726, levisbaggy, Levis如此丹宁, 李维斯如此丹宁, 牛仔裤, 牛仔裤搭配, ootd每日穿搭, 穿搭, 牛仔裤分享",0,88
56e4232a1c07df5156a734bd,6606bf27000000001a00c3a3,"一波近期询问度很高的好物分享:red_heart: 小红书 #好物分享 #爱用物分享 #我的日常 #好物推荐 #爱用物推荐 #ootd每日穿搭 #户外穿搭 #眼镜 #骑行 #骑行装备 #粉霜 #首饰 好物分享, 爱用物分享, 我的日常, 好物推荐, 爱用物推荐, ootd每日穿搭, 户外穿搭, 眼镜, 骑行, 骑行装备, 粉霜, 首饰",0,88
56e4232a1c07df5156a734bd,6602415c0000000012023fee,"OOTD｜风衣的属性大概就是 百搭 小红书 #极简穿搭 #风衣 #日常穿搭 #ootd每日穿搭 #穿搭 #风衣穿搭 #风衣外套 极简穿搭, 风衣, 日常穿搭, ootd每日穿搭, 穿搭, 风衣穿搭, 风衣外套",0,31
56e4232a1c07df5156a734bd,65f439d1000000001202294d,"Vlog｜15分钟的旅行碎片 走你～ 小红书 #旅游vlog #我的vlog #vlog #vlog日常 #生活 #记录生活 #我的日常 #我的旅行日记 #ootd 旅游vlog, 我的vlog, vlog, vlog日常, 生活, 记录生活, 我的日常, 我的旅行日记, ootd",0,34
56e4232a1c07df5156a734bd,65ed1b790000000001029835,"旅行穿搭原则：带最少的衣服 搭最多的可能 小红书 #ootd #ootd每日穿搭 #每日穿搭 #穿搭 #旅行穿搭 #我的日常 #日常分享 #vlog日常 ootd, ootd每日穿搭, 每日穿搭, 穿搭, 旅行穿搭, 我的日常, 日常分享, vlog日常",0,55
56e4232a1c07df5156a734bd,65e5d3d90000000004002c68,"镰仓高校前 如果你也看到了 送给你 小红书 #每日穿搭 #记录生活 #旅行 #旅行的意义 #我的日常 #日常生活里的快乐瞬间 #vlog #minivlog 每日穿搭, 记录生活, 旅行, 旅行的意义, 我的日常, 日常生活里的快乐瞬间, vlog, minivlog",0,11
56e4232a1c07df5156a734bd,65db102d0000000007005bdc,"好鞋分享｜7双满足各类场景的通勤鞋 小红书 #鞋子推荐 #好鞋推荐 #小众鞋子 #时髦单品 #复古鞋 #ootd #ootd每日穿搭 #穿搭#natursun #找一个舒适的脚落 鞋子推荐, 好鞋推荐, 小众鞋子, 时髦单品, 复古鞋, ootd, ootd每日穿搭, 穿搭, natursun, 找一个舒适的脚落",0,85
613980e50000000002023626,665fec68000000001303f579,"150夏日百搭包包合集:handbag:好看能装度假都:Japanese_acceptable_button: 小红书 #00:06 #00:29 #00:51 #01:15 我的漂亮包包分享来啦 大家参考一下 #夏季百搭包包 #春夏包包分享 #包包合集 #小个子穿搭 #通勤包包 #包包推荐 夏季百搭包包, 春夏包包分享, 包包合集, 小个子穿搭, 通勤包包, 包包推荐, 01:15, 00:51, 00:29, 00:06",0,4
613980e50000000002023626,665fec68000000001303f579,"150夏日百搭包包合集:handbag:好看能装度假都:Japanese_acceptable_button: 小红书 #00:06 #00:29 #00:51 #01:15 我的漂亮包包分享来啦 大家参考一下 #夏季百搭包包 #春夏包包分享 #包包合集 #小个子穿搭 #通勤包包 #包包推荐 夏季百搭包包, 春夏包包分享, 包包合集, 小个子穿搭, 通勤包包, 包包推荐, 01:15, 00:51, 00:29, 00:06",0,4
613980e50000000002023626,665aadf6000000001501116e,"150/95虽矮但会穿:loudly_crying_face:背心:plus:阔腿:jeans:巨显高显瘦 小红书 #00:05 #00:23 #00:41 #00:54 #01:07 今天是适合咱们粗腿小个子的背心穿搭 显高显瘦不露腿 #上短下长 #不露腿穿搭 #穿搭夏季 #遮胯显瘦裤子 #小个子穿搭 #显瘦穿搭 #背心穿搭 #吊带背心 #显高显瘦显腿长 上短下长, 不露腿穿搭, 穿搭夏季, 遮胯显瘦裤子, 小个子穿搭, 显瘦穿搭, 背心穿搭, 吊带背心, 显高显瘦显腿长, 01:07, 00:54, 00:41, 00:23, 00:05",0,14
613980e50000000002023626,665aadf6000000001501116e,"150/95虽矮但会穿:loudly_crying_face:背心:plus:阔腿:jeans:巨显高显瘦 小红书 #00:05 #00:23 #00:41 #00:54 #01:07 今天是适合咱们粗腿小个子的背心穿搭 显高显瘦不露腿 #上短下长 #不露腿穿搭 #穿搭夏季 #遮胯显瘦裤子 #小个子穿搭 #显瘦穿搭 #背心穿搭 #吊带背心 #显高显瘦显腿长 上短下长, 不露腿穿搭, 穿搭夏季, 遮胯显瘦裤子, 小个子穿搭, 显瘦穿搭, 背心穿搭, 吊带背心, 显高显瘦显腿长, 01:07, 00:54, 00:41, 00:23, 00:05",0,14
613980e50000000002023626,6659596f000000001303f33e,"150变160:red_exclamation_mark::keycap_8:双夏日矮子乐合集～都很百搭:loudly_crying_face: 小红书 #00:10 #00:26 #00:43 #01:00 #01:15 #01:33 #01:52 #02:05 适合小个子的夏日厚底鞋分享来啦 大家参考一下 #厚底鞋 #鞋子合集 #小个子穿搭 #夏季穿搭 #夏日凉鞋 #矮子乐分享 #夏季鞋子 #厚底拖鞋 #丑萌鞋 #勃肯鞋 #德训鞋 #勃肯拖鞋 厚底鞋, 鞋子合集, 小个子穿搭, 夏季穿搭, 夏日凉鞋, 矮子乐分享, 夏季鞋子, 厚底拖鞋, 丑萌鞋, 勃肯鞋, 德训鞋, 勃肯拖鞋, 02:05, 01:52, 01:33, 01:15, 01:00, 00:43, 00:26, 00:10",0,7
613980e50000000002023626,6659596f000000001303f33e,"150变160:red_exclamation_mark::keycap_8:双夏日矮子乐合集～都很百搭:loudly_crying_face: 小红书 #00:10 #00:26 #00:43 #01:00 #01:15 #01:33 #01:52 #02:05 适合小个子的夏日厚底鞋分享来啦 大家参考一下 #厚底鞋 #鞋子合集 #小个子穿搭 #夏季穿搭 #夏日凉鞋 #矮子乐分享 #夏季鞋子 #厚底拖鞋 #丑萌鞋 #勃肯鞋 #德训鞋 #勃肯拖鞋 厚底鞋, 鞋子合集, 小个子穿搭, 夏季穿搭, 夏日凉鞋, 矮子乐分享, 夏季鞋子, 厚底拖鞋, 丑萌鞋, 勃肯鞋, 德训鞋, 勃肯拖鞋, 02:05, 01:52, 01:33, 01:15, 01:00, 00:43, 00:26, 00:10",0,7
613980e50000000002023626,66556456000000001303ed13,"150/95破洞罩衫:plus:半身裙太显瘦艺术生了吧:loudly_crying_face: 小红书 小个子夏天试试罩衫穿搭 粗腿搭配半裙显瘦又有风格 #小个子穿搭 #显瘦穿搭 #半身裙穿搭 #夏季穿搭 #罩衫穿搭 #腿粗女生 #艺术生穿搭 小个子穿搭, 显瘦穿搭, 半身裙穿搭, 夏季穿搭, 罩衫穿搭, 腿粗女生, 艺术生穿搭",0,47
613980e50000000002023626,6652bd0f000000001303f73f,"150/95:keycap_2:条夏日背带:jeans:分享～粗腿小个必备:loudly_crying_face: 小红书 大家催的背带裤来啦 长度对咱们小个子友好 大家参考一下 #小个子穿搭 #显瘦穿搭 #背带裤 #牛仔背带裤 #背带裤穿搭 #小个子女生穿搭 #夏日穿搭 #腿粗女生 小个子穿搭, 显瘦穿搭, 背带裤, 牛仔背带裤, 背带裤穿搭, 小个子女生穿搭, 夏日穿搭, 腿粗女生",0,31
613980e50000000002023626,66520527000000000c01987e,"三支奶呼呼唇漆试色～颜色都很韩系 小红书 三支都是日常比较实用的颜色 但是特别不好卸，不过我发现 后唇泥打底就可以啦 #灰粉色口红 #春夏口红 #口红试色 #唇漆试色 #唇漆 灰粉色口红, 春夏口红, 口红试色, 唇漆试色, 唇漆",0,72
5ad373614eacab5a30f7afa5,65ddc9a20000000007024100,"安心清净:teacup_without_handle: 小红书 最近在听小城谣:musical_note: 和妈妈来山里避世一下 下雨天的山林格外有意境 第一次感受到南方的冬天真的是特别特别冷的 这家酒店真的好有氛围感 餐厅和早餐都很好吃 据说欣欣子来住过 整体非常舒心暖心:smiling_face: #惬意时光 #酒店推荐 #杭州 #碎片 惬意时光, 酒店推荐, 杭州, 碎片",0,18
5ad373614eacab5a30f7afa5,65ddc9a20000000007024100,"安心清净:teacup_without_handle: 小红书 最近在听小城谣:musical_note: 和妈妈来山里避世一下 下雨天的山林格外有意境 第一次感受到南方的冬天真的是特别特别冷的 这家酒店真的好有氛围感 餐厅和早餐都很好吃 据说欣欣子来住过 整体非常舒心暖心:smiling_face: #惬意时光 #酒店推荐 #杭州 #碎片 惬意时光, 酒店推荐, 杭州, 碎片",0,18
5ad373614eacab5a30f7afa5,659d4b3d000000001e005596,我多想再见你 小红书 nan nan,9,47
5ad373614eacab5a30f7afa5,659d4b3d000000001e005596,我多想再见你 小红书 nan nan,9,47
578cb6336a6a69400dcdf636,6667e3e8000000001d014857,"《关于我买到超满意的复古牛仔裤这件事》 小红书 #显瘦神裤 #裤子种草 #阔腿裤 #短袖 显瘦神裤, 裤子种草, 阔腿裤, 短袖",0,37
578cb6336a6a69400dcdf636,6667a8d7000000001500865d,"《关于我买到超满意的黑色工装裤这件事》 小红书 #显瘦神裤 #裤子种草 #工装裤 显瘦神裤, 裤子种草, 工装裤",0,37
578cb6336a6a69400dcdf636,66614b4c000000001303cc02,"《关于我买到超满意的慵懒休闲裤这件事》 小红书 #慵懒风裤子 #垂感阔腿裤 #好搭的裤子 慵懒风裤子, 垂感阔腿裤, 好搭的裤子",0,37
578cb6336a6a69400dcdf636,665412d6000000001303ffaf,"《关于我买到超满意波点牛仔裤这件事》 小红书 #显瘦神裤 #裤子种草 #牛仔裤 显瘦神裤, 裤子种草, 牛仔裤",0,37
578cb6336a6a69400dcdf636,66484687000000001303fa41,"《关于我买到超满意的黑色工装裤这件事》 小红书 #显瘦神裤 #裤子种草 #工装裤 显瘦神裤, 裤子种草, 工装裤",0,37
578cb6336a6a69400dcdf636,664425e3000000001e0192c2,"《关于我买到超满意的复古牛仔裤这件事》 小红书 #显瘦神裤 #裤子种草 #裤子种草 显瘦神裤, 裤子种草",0,37
578cb6336a6a69400dcdf636,6641c4e3000000001e025038,"《关于我买到超满意的黑色西裤这件事》 小红书 #显瘦神裤 #阔腿裤 #西裤 #运动裤 显瘦神裤, 阔腿裤, 西裤, 运动裤",0,37
578cb6336a6a69400dcdf636,66406f8d000000001e02e071,"《关于我买到超满意的复古阔腿裤这件事》 小红书 #好搭的裤子 #显瘦神裤 #裤子种草 #阔腿裤 好搭的裤子, 显瘦神裤, 裤子种草, 阔腿裤",0,37
578cb6336a6a69400dcdf636,663b24f6000000001e01f61e,"《关于我买到超满意的牛仔半裙这件事》 小红书 #半裙 #短裙 #裙裤 #上衣 ##骆驼登山鞋昆仑 半裙, 短裙, 裙裤, 上衣, 骆驼登山鞋昆仑",0,37
578cb6336a6a69400dcdf636,66125d0200000000040180c8,"《关于我买到超满意的碎花阔腿裤这件事》 小红书 #显瘦神裤 #好搭的裤子 #裤子种草 #阔腿裤 #牛仔裤 显瘦神裤, 好搭的裤子, 裤子种草, 阔腿裤, 牛仔裤",0,37
578cb6336a6a69400dcdf636,6603a671000000001203126d,"《关于我买到超满意的黑色防晒裤这件事》 小红书 #裤子种草 #显瘦神裤 #防晒分享 #防晒裤 #防晒降落伞裤 #阔腿裤 zauo 裤子种草, 显瘦神裤, 防晒分享, 防晒裤, 防晒降落伞裤, 阔腿裤",0,37
578cb6336a6a69400dcdf636,65fe6b8a0000000012037a07,"《关于我买到超满意的灰色运动裤这件事》 小红书 #裤子种草 #显瘦神裤 #运动裤 #运动裤分享 #卫裤 裤子种草, 显瘦神裤, 运动裤, 运动裤分享, 卫裤",0,37
578cb6336a6a69400dcdf636,65f3e7ca0000000013024ef3,"《关于我买到超满意的浅色直筒裤这件事》 小红书 #裤子种草 #显瘦神裤 #显瘦牛仔裤 #直筒裤 #高腰直筒裤 裤子种草, 显瘦神裤, 显瘦牛仔裤, 直筒裤, 高腰直筒裤",0,37
578cb6336a6a69400dcdf636,65e95dcd000000000b021cc5,"《关于我买到超满意的休闲格子裤》 小红书 #显瘦神裤 #阔腿裤 #裤子种草 #格子裤 显瘦神裤, 阔腿裤, 裤子种草, 格子裤",0,37
578cb6336a6a69400dcdf636,65dff83e000000000b02000c,"《关于我买到超满意的黑色半裙这件事》 小红书 #半裙 #半身裙 #半裙推荐 #半身裙 #鞋子 #运动鞋分享#OETZI 半裙, 半身裙, 半裙推荐, 鞋子, 运动鞋分享, OETZI",0,37
578cb6336a6a69400dcdf636,65deea68000000000b0223b1,"《关于我买到超满意的牛仔半裙这件事》 小红书 #半裙 #半裙推荐 #半身裙 #半身裙推荐 半裙, 半裙推荐, 半身裙, 半身裙推荐",0,37
578cb6336a6a69400dcdf636,65dd9380000000000b00c629,"《关于我买到超满意的工装微喇裤这件事》 小红书 #显瘦神裤 #裤子种草 #显瘦牛仔裤 #微喇裤 #工装裤 #皮衣穿搭 显瘦神裤, 裤子种草, 显瘦牛仔裤, 微喇裤, 工装裤, 皮衣穿搭",0,10
578cb6336a6a69400dcdf636,65dc3a6e000000000b015595,"《关于我买到超满意的白色蛋糕裙这件事》 小红书 #半身裙 #半身裙推荐 #半裙 #半裙推荐 #春季穿搭 半身裙, 半身裙推荐, 半裙, 半裙推荐, 春季穿搭",0,32
578cb6336a6a69400dcdf636,65d71adb000000000b016534,"《关于我买到超满意的初春连衣裙这件事》 小红书 #温柔穿搭 #少女感穿搭 #氛围感穿搭 #连衣裙 #显瘦连衣裙 温柔穿搭, 少女感穿搭, 氛围感穿搭, 连衣裙, 显瘦连衣裙",0,51
578cb6336a6a69400dcdf636,65d1ae2b000000000b017a83,"《关于我买到超满意的刺绣牛仔裤这件事》 小红书 #裤子种草 #显瘦神裤 #显瘦牛仔裤 #牛仔裤 裤子种草, 显瘦神裤, 显瘦牛仔裤, 牛仔裤",0,37
578cb6336a6a69400dcdf636,65ae36250000000010038460,"《关于我花几十买到超满意的黑色裤子这件事》 小红书 #裤子种草 #显瘦牛仔裤 #显瘦神裤 #好搭的裤子 裤子种草, 显瘦牛仔裤, 显瘦神裤, 好搭的裤子",0,37
578cb6336a6a69400dcdf636,65a62297000000002803b29f,"《关于我买到超满意的日系阔腿裤这件事》 小红书 #裤子种草 #显瘦神裤 #阔腿裤 #西裤 #日系阔腿裤 裤子种草, 显瘦神裤, 阔腿裤, 西裤, 日系阔腿裤",0,37
578cb6336a6a69400dcdf636,659e5112000000001000fb63,"《关于我买到超满意的黑色小脚裤这件事》 小红书 #裤子种草 #显瘦牛仔裤 #显瘦神裤 裤子种草, 显瘦牛仔裤, 显瘦神裤",0,91
578cb6336a6a69400dcdf636,658bd99e000000000f03063a,"《关于我买到超满意的微喇休闲裤这件事》 小红书 #显瘦神裤 #显瘦裤子 #微喇裤 #休闲裤 #百搭款卫裤 显瘦神裤, 显瘦裤子, 微喇裤, 休闲裤, 百搭款卫裤",0,37
578cb6336a6a69400dcdf636,6585329a000000000801f3e7,"《关于我买到超满意的复古牛仔裤这件事》 小红书 #裤子种草 #好搭的裤子 #显瘦神裤 #显瘦牛仔裤 裤子种草, 好搭的裤子, 显瘦神裤, 显瘦牛仔裤",0,37
578cb6336a6a69400dcdf636,65828c110000000009024533,"《关于我买到超满意的黑色小脚裤这件事》 小红书 #裤子种草 #显瘦牛仔裤 #显瘦神裤 #小脚裤 裤子种草, 显瘦牛仔裤, 显瘦神裤, 小脚裤",0,91
578cb6336a6a69400dcdf636,657d39e3000000000703a58f,"《关于我买到超满意的复古牛仔裤这件事》 小红书 #裤子种草 #显瘦牛仔裤 #显瘦神裤 #牛仔裤 裤子种草, 显瘦牛仔裤, 显瘦神裤, 牛仔裤",0,37
578cb6336a6a69400dcdf636,65700aef000000000901eeb7,"《关于我买到超满意的棕色牛仔裤这件事》 小红书 #裤子种草 #显瘦神裤 #显瘦牛仔裤 #显瘦阔腿裤 裤子种草, 显瘦神裤, 显瘦牛仔裤, 显瘦阔腿裤",0,37
578cb6336a6a69400dcdf636,656972ef0000000005038a7c,"《关于我买到超满意的复古牛仔裤这件事》 小红书 #裤子种草 #显瘦牛仔裤 #显瘦神裤 #阔腿裤 裤子种草, 显瘦牛仔裤, 显瘦神裤, 阔腿裤",0,37
578cb6336a6a69400dcdf636,655ae04c0000000032036a4d,"《关于我买到超满意的小脚牛仔裤这件事》 小红书 #裤子种草 #显瘦牛仔裤 #好搭的裤子 #小脚裤 #秋冬长靴 裤子种草, 显瘦牛仔裤, 好搭的裤子, 小脚裤, 秋冬长靴",0,91
578cb6336a6a69400dcdf636,6551aa170000000033003ea0,"《关于我买到超满意的复古微喇这件事》 小红书 #裤子种草 #显瘦牛仔裤 #好搭的裤子 #微喇叭裤 裤子种草, 显瘦牛仔裤, 好搭的裤子, 微喇叭裤",0,37
578cb6336a6a69400dcdf636,6550622700000000320302de,"《关于我买到超满意的复古牛仔裤这件事》 小红书 #裤子种草 #显瘦牛仔裤 #好搭的裤子 #显瘦神裤 裤子种草, 显瘦牛仔裤, 好搭的裤子, 显瘦神裤",0,37
5c381b28000000000703d727,6667e15b000000000d00e1b5,短发这样卷“半扎发、好好看 小红书 nan nan,9,55
566e571b03eb84615aeaa6c5,666a8952000000001c02109b,"预告:leaf_fluttering_in_wind:植物系穿搭 夏日彩色系碎花裙好显白:sparkles: 小红书 千金们左下角预约直播:alarm_clock: #植物系穿搭 #时尚撒欢月 #潮流视频猎手 #618超会买买手 #小红书618 #直播预告 #夏季穿搭 #连衣裙 #碎花裙 #显白穿搭 #富家千金穿搭 #彩色穿搭 植物系穿搭, 时尚撒欢月, 潮流视频猎手, 618超会买买手, 小红书618, 直播预告, 夏季穿搭, 连衣裙, 碎花裙, 显白穿搭, 富家千金穿搭, 彩色穿搭",0,51
566e571b03eb84615aeaa6c5,66693c00000000001d0196e8,"预告:cherries:法式千金 夏日波点彩色系裙装太美噜:sparkles: 小红书 千金们左下角预约直播:alarm_clock: #植物系穿搭 #时尚撒欢月 #潮流视频猎手 #618超会买买手 #小红书618 #直播预告 #夏季穿搭 #富家千金穿搭 #法式穿搭 #波点裙 #裙子 #彩色穿搭 植物系穿搭, 时尚撒欢月, 潮流视频猎手, 618超会买买手, 小红书618, 直播预告, 夏季穿搭, 富家千金穿搭, 法式穿搭, 波点裙, 裙子, 彩色穿搭",0,95
566e571b03eb84615aeaa6c5,6667e13d000000001d017133,"预告:bubbles:千金感T恤合集 彩色真的让心情好棒:red_exclamation_mark: 小红书 千金们左下角预约直播:alarm_clock: #植物系穿搭 #时尚撒欢月 #潮流视频猎手 #618超会买买手 #小红书618 #直播预告 #夏季穿搭 #彩色穿搭 #多巴胺 #富家千金穿搭 #T恤 植物系穿搭, 时尚撒欢月, 潮流视频猎手, 618超会买买手, 小红书618, 直播预告, 夏季穿搭, 彩色穿搭, 多巴胺, 富家千金穿搭, T恤",0,95
566e571b03eb84615aeaa6c5,6662a3ce000000001500b9e5,"预告:red_apple:夏日彩色系格纹 日常时髦千金感十足:sparkles: 小红书 千金们左下角预约直播:alarm_clock: #潮流视频猎手 #植物系穿搭 #时尚撒欢月 #618超会买买手 #小红书618 #直播预告 #夏季穿搭 #彩色穿搭 #富家千金穿搭 #时髦精 潮流视频猎手, 植物系穿搭, 时尚撒欢月, 618超会买买手, 小红书618, 直播预告, 夏季穿搭, 彩色穿搭, 富家千金穿搭, 时髦精",0,2
566e571b03eb84615aeaa6c5,66614a090000000015009bf6,"预告:lemon:植物系穿搭 夏日小清新裙装贵贵气质:sparkles: 小红书 千金们左下角预约直播:alarm_clock: #植物系穿搭 #时尚撒欢月 #潮流视频猎手 #618超会买买手 #小红书618 #直播预告 #夏季穿搭 #气质穿搭 #碎花裙 #富家千金穿搭 植物系穿搭, 时尚撒欢月, 潮流视频猎手, 618超会买买手, 小红书618, 直播预告, 夏季穿搭, 气质穿搭, 碎花裙, 富家千金穿搭",0,12
5e5b22a20000000001005cc8,664c1b8d00000000150110c5,"好吃 爱吃 北京最:heart_hands_light_skin_tone:的日料店 小红书 依旧是我最喜欢的日料店 又出新菜单了 吃的好饱饱 每一道菜真的是kevin超级用心的在做 根据每个人爱吃的食材设计的private dinning 都是真材实料 用的是最好的食材 :soft_ice_cream:鹅肝冰激凌 :sushi:海胆寿司 :shortcake:OP联名提拉米苏 都是我强烈推荐的！有怀念Opera bombana的:baby_light_skin_tone: 可以在这里吃到Opera chef做的限定提拉米苏蛋糕 （味道真的太惊艳了 喜欢甜食的一定不会错） 和老朋友一起聊天吃饭 真的会很放松很开心的 这次有和leo约定我们只聊美食不谈工作 （没想到我们真的做到了哈哈:face_with_tears_of_joy: 因为对于俩个工作狂来说 话题能不围绕工作也真神奇） :red_exclamation_mark:关于预约： 不对外预约 老板还是只接待熟客介绍制:chopsticks: :round_pushpin:正涺 #宝藏餐厅分享 #日料探店 #北京美食 #omakase 宝藏餐厅分享, 日料探店, 北京美食, omakase",0,19
5e5b22a20000000001005cc8,664036bb000000001e02ffad,"哦莫 这么可爱的展不看我会伤心:blue_heart: 小红书 awww 好喜欢这里的小熊 被韩到了:shortcake:可爱晕了 :round_pushpin:TWOI DESIGN LAB #来拍照了 #北京拍照 #EIMISMOSOL 来拍照了, 北京拍照, EIMISMOSOL",0,18
5a8ee7e3e8ac2b302980922d,6641873f000000001e019c25,"购物开箱｜小贵但实在美丽的精致少女好物:glass_of_milk: 小红书 集齐一期“看起来就是香香的女孩子”的购物分享啦 #Dior 芭蕾鞋 #silkymiracle 真丝睡裙 #carriere_freres 法国植物香薰 #MUNIO 玫瑰香薰 #纪梵希 柔光气垫 #swisse 胶原蛋白水光瓶 #sabon #lamer #Jellycat #购物分享 #法式生活 #少女心#精致生活 #提升幸福感好物 #520礼物 #我的开箱日常 #绿色无广 Dior, silkymiracle, carriere_freres, MUNIO, 纪梵希, swisse, sabon, lamer, Jellycat, 购物分享, 法式生活, 少女心, 精致生活, 提升幸福感好物, 520礼物, 我的开箱日常, 绿色无广",0,96
5a8ee7e3e8ac2b302980922d,664096a4000000001e02fdca,当你有一个很会夸的闺蜜 小红书 就会得到一些绝美瞬间哈哈哈哈哈哈 #今年N个漂亮时刻 今年N个漂亮时刻,0,19
5a8ee7e3e8ac2b302980922d,663c3e30000000001e01f51b,"好好好开心 小红书 在邮轮上la 傍晚光线好好看 朋友说有一种不在国内的美 好久没染这么浅的发色 怪显白的:cup_with_straw: #今年N个漂亮时刻 #温柔穿搭 #度假穿什么 #邮轮 #混血发色 #显白发色 今年N个漂亮时刻, 温柔穿搭, 度假穿什么, 邮轮, 混血发色, 显白发色",0,19
5a8ee7e3e8ac2b302980922d,6634627b000000001e018fc8,"尝试一下直发 小红书 刚染完头发特地没有做造型 直发还是卷发好看啊 #发型决定气质 #直发 #发型推荐 #显白的发色 发型决定气质, 直发, 发型推荐, 显白的发色",0,18
5a8ee7e3e8ac2b302980922d,6634627b000000001e018fc8,"尝试一下直发 小红书 刚染完头发特地没有做造型 直发还是卷发好看啊 #发型决定气质 #直发 #发型推荐 #显白的发色 发型决定气质, 直发, 发型推荐, 显白的发色",0,95
5f33d39a0000000001000560,6655adf30000000005004a60,"涂个素颜霜就出门 小红书 被我装到了吧，嘿嘿其实口红:lipstick:卧蚕:plus:散粉都有上，我觉得伪素颜的秘诀在于保留原生态的同时，又能遮盖住自己的瑕疵#伪素颜妆 #伪素颜 #伪素颜神器 #我的日常 #淡妆 #淡颜系 #淡颜女生 伪素颜妆, 伪素颜, 伪素颜神器, 我的日常, 淡妆, 淡颜系, 淡颜女生",0,83
5f33d39a0000000001000560,66542964000000001401b77b,"当初义无反顾选择整牙的女生 现在怎么样了 小红书 hello，宝子们，后台有很多人咨询整牙的事情，今天发这篇笔记就是想告诉大家整牙是一件有利有弊的事情，它需要非常自律才能坚持下来，尽管我现在牙齿很整齐了，但还是会有人说笑起来没之前有特色好看了，我想说的是曾经那颗会稍息的门牙的让我觉得自卑不开心了，所以我不后悔自己的选择，一旦决定了那就是最好的选择，我不会去美化那条自己没选的路。希望今天这篇笔记能给大家带来一点鼓励和勇气，尊重你内心的选择！#素颜 #刷牙 #整牙 #隐形牙套 #我的门牙会稍息 #整牙前后 #沁橙口腔 #南京整牙 #elmex #elmex艾美适 #elmex艾美适正畸专研牙膏 #艾美适 #艾美适牙膏 #艾美适正畸专研牙膏 #elmex正畸专研牙膏 素颜, 刷牙, 整牙, 隐形牙套, 我的门牙会稍息, 整牙前后, 沁橙口腔, 南京整牙, elmex, elmex艾美适, elmex艾美适正畸专研牙膏, 艾美适, 艾美适牙膏, 艾美适正畸专研牙膏, elmex正畸专研牙膏",0,72
5f33d39a0000000001000560,6651b9410000000005004b53,"答辩一次过！接不接 小红书 宝宝们，终于答辩完了！其实老师们比我想象中的要温柔亲切多了，会耐心的给你提修改建议，完全不用担心站在讲台上尴尬:flushed_face:，关于穿搭你们可以参考一下，虽然舍友说我穿的太正式了，但我想着答辩毕竟是给我大学生活画上圆满的句号，也是对老师们的尊重，所以还是选择穿正装上台啦#毕业答辩 #答辩 #我的日常 #穿搭 #面试穿搭 #淡妆日常妆 #毕业#答辩穿搭 毕业答辩, 答辩, 我的日常, 穿搭, 面试穿搭, 淡妆日常妆, 毕业, 答辩穿搭",0,12
5f33d39a0000000001000560,664ff52d000000000500706f,"你要说变白就不能只说变白 小红书 宝宝们，你们老是问我怎么这么白，其实我天生也是黄黑皮，只是靠后天慢慢养成了黄白皮，今天从防晒＋护肤＋运动＋饮食这四个部分来一一分享给你们，变白不是一蹴而就的事情，它需要长期坚持下来，当你把变白这件事当成一种习惯，就像日常刷牙一样融入生活中，慢慢就能得到自己想要的啦#素颜 #护肤 #我的护肤日常 #好皮肤养出来 #好素颜#变白 #黄黑皮逆袭 #肌肤未来377面霜#肌肤未来美白面霜#377面霜#美白面霜#平价美白面霜#科学美白我来评 素颜, 护肤, 我的护肤日常, 好皮肤养出来, 好素颜, 变白, 黄黑皮逆袭, 肌肤未来377面霜, 肌肤未来美白面霜, 377面霜, 美白面霜, 平价美白面霜, 科学美白我来评",0,83
